post_id,text,human_label,human_label_v1,human_dehumanisation,human_violence_call,human_ethnic_targeting,human_coded_language,human_confidence,human_rationale,translation_used,human_label_pre_adjudication,human_adjudication,pool,stratum,label,label_gemini,label_cursor,agree
2078034272934363298,"@MissKwegah1 Heri wa Kakamega, the Bungoma Bukusus of Edwin Sifuna, very easy to manipulate. Hawajielewi,even their leaders, upto now what's Sifuna looking for???",hate,offensive,False,False,True,False,high,'easy to manipulate',False,hate,,agree_hate,p_hate_top,hate,hate,hate,True
2078495428392231037,"Kenya vs Kikuyu,,,2027 election",hate,hate,False,False,True,False,high,'kenya vs kikuyu',False,hate,,agree_hate,p_hate_top,hate,hate,hate,True
2075236444029747482,"@muriaso @MrErickRicky Wamunyoro walker, a stupid tribalist.",offensive,offensive,False,False,False,False,medium,stupid tribalist,False,offensive,,split_gem_soft,p_hate_top,,offensive,hate,False
2073630067402355019,"@HusseinMohamedg Tell Murkomen @kipmurkomen we don't eat sports and stop thinking using his teeth alafu na wewe urudi kwenyu Somalia, mbwa 😠🚮🖕 #RutoMustGo",offensive,offensive,True,False,False,False,high,"The tweet is abusive and dehumanising toward the mentioned individuals, calling one 'mbwa' (dog) and directing 'urudi kwenyu Somalia' as a dismissive slur, without targeting a broader ethnic group as a collective.",False,offensive,,agree_hate,p_offensive_top,hate,hate,hate,False
2078469306052927781,"OK, but ngubu is a special category. I can tolerate a Pan-Africanist. Bantu/Kavirondo supremacists and Zoomalya irridentists are entertaining. Heck, I'd wish to have OnlyFans creators in my circle. But ngubus is a big no. Goons, cattle rustlers, blogstitutes, Tutam lambiststs etc are in the ngubu category. They are a cancer ruining the advancement of our ngubu society.",neither,neither,False,False,False,False,high,No hate or offensive speech.,False,neither,,split_gem_soft,p_hate_top,,neither,hate,False
2074462645642522751,"@orengo_james Aluta continua. The inalienable rights to life, liberty and pursuit of happiness are natural God-given gifts to each Kenyan, and the tyranny that purports to abrogate these rights must fall.",neither,neither,False,False,False,False,high,No hate or offensive speech.,False,neither,,agree_coded,nli_tail,neither,neither,neither,True
2057106695822663718,"20th May, 2026 STATEMENT BY THE DCP DEPUTY PARTY LEADER SENATOR CLEOPHAS MALALA ON ETHNIC PROFILING IN KENYA BY UDA GOVERNMENT. Dear Kenyans, 1. Over the last couple of months, we have witnessed a well-structured ethnic profiling of the members of the kikuyu community by president William Ruto. This is a well-orchestrated move ahead of the 2027 elections in what Mr. William Ruto scripted in 2007 of the 41 vs 1. We all know what that led Kenya into. We lost over 1,300 Kenyans and hundreds of thousands of Kenyans, are up to date in IDP Camps. 2. The team leader for this narrative is one Mr. Kipchumba Murkomen seconded by Mr. Omar Hassan, the UDA Secretary General and several top government officials including cabinet secretaries whom we shall name here today. 3. The Minister for Interior should be advised better, and as a lawyer, much logic is expected of him. Reducing critical security issues into an ethnic clash between a kikuyu and Kalenjin affair is bad for our Nation Mr. Murkomen. As you do your simple mind games, cattle rustling in Meru is wreaking havoc. Mandera occupied by Jubaland forces, Goons are taking control of towns. 4. Leave politics and concentrate on your job Mr. Murkomen. Secure Kenyans. As a cabinet minister for interior, it is worrying to see you on a tribal charade trying to run EPRA and the energy docket on fuel prices when Kenyans are simply on their own. 5. Secondly, Mr. Omar, the Secretary General of the wheelbarrow party, we want to remind you of your role in the 2007/08 post-election violence ICC related witness coaching against Mr. William Ruto and others. Might you have forgotten, when you served as a commissioner at the Kenya National Human Rights Commissioner, Mr. William Ruto accused you od coaching witnesses against Mr. Ruto. In his own words, Ruto said, ""I also want to inform Mr. Hassan Omar, who is the schemer, and the mercenary behind this whole scheme that that he cannot hire or rent, or buy or sell or negotiate justice and the truth..."". 6. Mr. Omar, your house of lies, as described then by William Ruto, seems to have become a shopping mall. Stop profiling Kenyans of kikuyu origin. If you think it is the people of Kikuyu descent who have a problem with this government, when the truth dawns on you and your team, it is be too late to salvage yourselves. But unfortunately, you have already messed up the country. 7. When Kenyans come out in the streets to demonstrate about high costs of fuel, mutilated payslip, dysfunctional SHA, failed education systems, it is not Kikuyu Vs Kalenjin Community Mr. Kipchumba Murkomen. It is about 55 million Kenyans suffering high taxation, double standards, bad roads, poor policy among others. 8. When Kenyans in Northern Kenya are being butchered by the Jubaland Forces, it is not Kikuyu vs Kalenjin; it is Kenyans crying because the government has failed to protect them. 9. Teachers, civil servants, and all employees and Kenyans saying NO to Mr. William Ruto are doing so because of the personal pain they are going through courtesy of one Mr. William Ruto and not the Kalenjin community. 10. If, then, we buy your opaque arguments that 55 Million Kenyans are fighting Ruto because he is a Kalenjin, we then need to argue that William Ruto is the only Kalenjin in Kenya and the 55 million of us are all Kikuyus. So, Mr. Omar Hassan, please spare us your thoughts on negative ethnicity. 11. On the high cost of fuel, it is unfortunate that Kenyans are being treated to conmanship and blatant open thuggery through the pump. As if the damage you have caused Kenya is not enough, you now want to mean it is because Ruto is a Kalenjin. 12. The government cannot purport that the high fuel cost only affects the matatu sector. Every Kenyan is affected by this insensitive fuel hike. But the good thing is, the government is digging its own political grave deeper. While addressing fuel costs, address every Kenyan, not a small pocket of transport sector.",neither,neither,False,False,False,False,high,No hate or offensive speech.,False,neither,,agree_coded,lexicon,neither,neither,neither,True
2076586226040074606,Entitled Kikuyus are supporting Noisemaker Sifuna not because they believe he can beat president Ruto but they want to use him to drag Luo's and luhyas out of government.,offensive,offensive,False,False,False,False,medium,"The tweet is offensive primarily through the contemptuous labels 'Entitled Kikuyus' and 'Noisemaker Sifuna', which express disdain and personal attack rather than rising to dehumanisation or a hate-speech level of group-targeted hostility.",False,offensive,,split_gem_soft,p_hate_top,,neither,hate,False
2070957004017774874,@dauticn @HammerHamm026 Ol Kalou is a Samburu name. These are guys who stole someone's land.,neither,neither,False,False,False,False,high,No hate or offensive speech.,False,neither,,split_gem_hard,p_hate_top,,hate,neither,False
2074123719069339773,@kipmurkomen Goons have dominated the city and you are here ranting Gachagua We ni bure kuliko chai baridi,neither,neither,False,False,False,False,high,No hate or offensive speech.,False,neither,,random_agreed,p_offensive_top,offensive,offensive,offensive,False
2070620265155879104,@MkenyaMzi Kalenjins &amp; kikuyus ruling since independence understand the assignment&gt; kiss the global elites agenda to maximum! Sink their faces so deep the ass of pedophiles to the point its a Jejunum interaction! Lamba matako ya Jeffrey epstien inc.kabisa! gachagua makachiethaa! Useless!,offensive,offensive,False,False,False,True,high,"The tweet is offensive due to the sexually vulgar and scatological imagery directed at political figures, particularly the phrase 'Sink their faces so deep the ass of pedophiles to the point its a Jejunum interaction' and the Swahili 'Lamba matako' (lick buttocks), expressing disgust through crude personal attack rather than group-based hate.",False,offensive,,split_gem_soft,p_hate_top,,offensive,hate,False
2078449911998099629,OPINION: How the economics of the Whiteman destroyed the entrepreneurial spirit of the Coast Region,neither,neither,False,False,False,False,high,No hate or offensive speech.,False,neither,,agree_coded,nli_tail,neither,neither,neither,True
2078100654921523460,@JasonSimmo86712 Just replace them with Christians in there country and see what happens. We're being led astray by taking our freedoms too literally. We must exercise better discretion with foreigners.,offensive,offensive,False,False,False,True,medium,"The tweet uses coded, exclusionary rhetoric — 'We must exercise better discretion with foreigners' — to advocate discriminatory treatment of outsiders, framing religious and national identity as grounds for restriction without explicit hate speech.",False,offensive,,split_gem_soft,p_hate_top,,neither,hate,False
2078796447047401779,wantam people are insufferable.,neither,neither,False,False,False,False,high,No hate or offensive speech.,False,neither,,split_gem_hard,p_hate_top,,hate,offensive,False
2078230631566451064,@FFT1776 Brainwashed stooge. 🇨🇳💴💴💴,neither,neither,False,False,False,False,high,No hate or offensive speech.,False,neither,,random_agreed,p_offensive_top,offensive,offensive,offensive,False
2075174374278086891,The greatest honour we can give a strong foundation is to keep building upon it. Ol Kalou deserves leadership that will complete what has begun and open the door to even greater development. #TheMuchinaMovement Olkalou Tumeamua,neither,neither,False,False,False,False,high,No hate or offensive speech.,False,neither,,random_agreed,random_control,neither,neither,neither,True
2077282884352614449,"Mungikis were the ones beheading people btw. In Naivasha, Eldoret and Nairobi, Luhyas and Luos living in informal settlements were either circumcised or beheaded. Watu huwa wana assume ni wakalee ndio waliua watu.",neither,neither,False,False,False,False,high,No hate or offensive speech.,False,neither,,random_agreed,p_hate_top,neither,neither,neither,True
2073658016948191591,@georgediano I've never understood the Bukusu people kabisaa. I also hear they are the most troublesome when it comes to Luhya community unity. Why?,neither,neither,False,False,False,False,high,No hate or offensive speech.,False,neither,,split_gem_soft,p_hate_top,,neither,hate,False
2074912160572932516,"Ongoza wamunyororo kwanza are you still dreaming to lead Kenya? Mambo yako Murkomen alimaliza, You're Mbesige of Uganda in Kenya under house arrest, ukicheza na Murkomen Kamiti straight! Kaa nyumbani, the only public place you're allowed is public toilet in wamunyororo village!",neither,neither,False,False,False,False,high,No hate or offensive speech.,False,neither,,random_agreed,p_offensive_top,offensive,offensive,offensive,False
2076176895083704657,"@andysitian @Adele_lide Kwani kasongo removed his on money, Takataka wewe mtoto wa mchawi umbwa.",offensive,hate,True,False,False,True,high,"The tweet dehumanises the target with 'Takataka wewe... umbwa' (You are filth... dog) and layers coded insult with 'mtoto wa mchawi' (child of a witch), a culturally loaded Swahili slur used to delegitimise and shame.",False,hate,non_target_hate_to_offensive,random_agreed,p_hate_top,offensive,offensive,offensive,True
2074188680307056915,"NA Speaker Moses Wetangula has issued a 48-hour demand to Standard Group over a front-page story titled Broad-based family, calling it false and defamatory Through his lawyers, Wetangula wants the publication withdrawn, an apology published on the front page, the online story pulled down, and compensation negotiations to begin, failing which he says he will sue Standard wamepatikana. Watajua hawajui",neither,neither,False,False,False,False,high,No hate or offensive speech.,False,neither,,agree_coded,lexicon,neither,neither,neither,True
2077310199317037171,@_DCPTV This gachagua never learns. Never trust kalenjins,hate,hate,False,False,True,False,high,"The tweet generalizes distrust to an entire ethnic group with 'Never trust kalenjins', directly targeting the Kalenjin community as a collective and untrustworthy group.",False,hate,,agree_hate,p_hate_top,hate,hate,hate,True
2075513624525705435,"@ledamalekina kuleni tu na your benevolent dictator, you almost brought down bomas of kenya and now you're a choir member, what a fearful moran",neither,neither,False,False,False,False,high,No hate or offensive speech.,False,neither,,split_gem_hard,p_hate_top,,hate,offensive,False
2078154930511073517,"Rigathi Gachagua; Wewe Kasongo, nilikuonya usiguze Mlima, ukaguza Mlima, uliona ile aibu ulipata jana. Na bado tunakungoja 2027. Umetangaza vita na wakikuyu",hate,hate,False,True,True,True,high,"The tweet directly threatens and frames conflict along ethnic lines with 'Umetangaza vita na wakikuyu' ('You have declared war against the Kikuyu'), while 'Mlima' (Mountain) is coded language for the Kikuyu/Mount Kenya community, and 'tunakungoja 2027' carries an implicit retaliatory threat.",False,hate,,agree_coded,nli_tail,neither,neither,neither,False
2072137185449345067,If you want to know Kikuyus are dumb. They were told if Raila became president he would force them to wear shorts. Motherfuckers believe it even old men. In this era you still a community still can’t think. TUTAM hadi kenya ikuwe Singapore. Uzuri saa hii Raila alishakufa. Wakikuyu wajaribu kusema ng’we 2027. They think only Kibaki could do it. Ruto is devil himself.,hate,hate,True,False,True,False,high,"The tweet explicitly targets the Kikuyu ethnic group with collective dehumanisation, calling them 'dumb' and 'Motherfuckers' who 'can't think', framing an entire community as intellectually subhuman.",False,hate,,agree_hate,p_hate_top,hate,hate,hate,True
2078627216460575193,"RT @Kibet_bull: A controversial Kalenjin radio caller applauds kipisigis who had gone to Wamunyoro. He reveals how property including tractors belonging to residents of Angata Barikoi were destroyed, kipsigis living in hemas and pretending to be in government. How kipsigis leaders aided the grabbing of Samburet,Chelimo and Angata Barikoi land. He also says better kalenjins not to vote again.",hate,hate,False,False,True,True,medium,"The tweet ethnically targets Kipsigis as land grabbers and colluders with government, with the phrase 'kipsigis leaders aided the grabbing of Samburet, Chelimo and Angata Barikoi land' framing an entire ethnic group as collectively responsible for dispossession of other communities.",False,hate,,split_gem_soft,p_hate_top,,neither,hate,False
2078393699315097925,"@Mwarubainii @wilber1990f Kenya si ya wakikuyu pekeako, what a tribal community, Kindiki anatoka mountain Kenya mbona msimsupport? Ndio mjue mko na shida nyinyi..",hate,hate,False,False,True,False,high,"The tweet directly targets the Kikuyu ethnic group with 'Kenya si ya wakikuyu pekeako, what a tribal community' and 'mko na shida nyinyi', framing them collectively as tribally biased and problematic.",False,hate,,split_gem_soft,p_hate_top,,neither,hate,False
2077462415122338163,Wazimu ni @WilliamsRuto minions directing the hate towards @rigathi Wanatumia kichwa kama dirisha ya kuchungulia ngono ya caretaker Tulienda kwa streets kusema #rutomustgo Hiyo zingine sijui mnaleta pelekeeni mamorio huwadinya👍🏿,offensive,offensive,False,False,False,True,high,"The tweet is offensive due to crude sexual vulgarity directed at political opponents, most explicitly in 'pelekeeni mamorio huwadinya' ('take it to the dildo, it fucks you'), where 'mamorio' is Swahili/Sheng slang requiring local knowledge to parse.",False,offensive,,random_agreed,p_offensive_top,offensive,offensive,offensive,True
2078092629145956698,"@WhiteHouse Calling Congress ""Americans"" is a real stretch..",neither,neither,False,False,False,False,high,No hate or offensive speech.,False,neither,,agree_coded,nli_tail,neither,neither,neither,True
2075134317487943958,"Brian Amwai: There's a comment that you made in terms of protest in the country and you said people have died in every protest and every administration in Kenya's history and let us stop with the selective amnesia. Sen. Karen Nyamu; If you look at my post, I was addressing politicians not the young people. I said politicians were mobilizing for the commemoration of the protest for the 2024 Finance Bill. We know the characteristics of a youth led protest. #Politalks #K24Updates",neither,neither,False,False,False,False,high,No hate or offensive speech.,False,neither,,random_agreed,random_control,neither,neither,neither,True
2074669579930890382,@NjiruAdv Are u a retard? Ruto everyday its a no brainer.,offensive,offensive,True,False,False,False,high,"The tweet uses the ableist slur ""retard"" as a direct insult, which is dehumanising and offensive, though it targets an individual rather than a protected group.",False,offensive,,split_gem_soft,p_offensive_top,,offensive,hate,False
2073855063013920832,Shame on Kenya kwanza,neither,neither,False,False,False,False,high,No hate or offensive speech.,False,neither,,agree_coded,nli_tail,neither,neither,neither,True
2078364957251432535,@ntvkenya DONT impose Kikuyu tyranny on Kenya. Liberate central Kenya first from the Gachagua dictatorship before imposing your shareholder mind set on Kenya again. You must also GO. Vote yourselves out and don't try to sneak in behind Sifuna or Kalonzo. We are tayad!,hate,hate,False,False,True,False,high,"The tweet targets the Kikuyu ethnic group by invoking 'Kikuyu tyranny' and 'Gachagua dictatorship,' framing the group as politically oppressive and demanding their exclusion from national leadership.",False,hate,,split_gem_soft,p_hate_top,,neither,hate,False
2074448808222630287,"@bosco_gideon we jua tu hakuna mahali Murkomen anaenda,language ndio shida.kipsigis and Nandi are the most neutral dialects you can use in Riftvalley politics and maybe",neither,neither,False,False,False,False,high,No hate or offensive speech.,False,neither,,random_agreed,p_hate_top,neither,neither,neither,True
2074142904227180582,Enyewe it’s not cheap to rent a kikuyu.,hate,hate,True,False,True,True,high,"The phrase ""rent a kikuyu"" commodifies members of the Kikuyu ethnic group, framing them as objects available for hire and thereby dehumanising them through a transactional metaphor.",False,hate,,agree_hate,p_hate_top,hate,hate,hate,True
2074027527920656845,@FGaitho237 So He doesn't have a right to believe in Matiangi because he's a fellow Kisii..we tutigithie.,offensive,offensive,False,False,False,True,medium,"The Kikuyu-language phrase 'we tutigithie' functions as a dismissive, contemptuous put-down directed at the individual being addressed, carrying offensive force that depends on knowledge of local vernacular.",False,offensive,,random_agreed,p_hate_top,neither,neither,neither,False
2077826792224653601,"Kikuyus have the worst hate and beef man... If you don't fuck with their kingpin, kura haupati kabisa ata kama wewe ni mkikuyu... Martha Karua with rao... Now Muchina with ruto😂😂😂😂",offensive,offensive,False,False,False,False,high,"The tweet is offensive due to the crude generalization 'Kikuyus have the worst hate and beef' paired with the vulgar phrasing 'don't fuck with their kingpin', but stops short of hate speech as it is a cynical political observation with no dehumanisation or incitement.",False,offensive,,split_gem_hard,p_hate_top,,hate,neither,False
2074479551883690319,"@braeien @ArapTilingi Wandayi, Mbadi and Oparanya are not even real Luos. 😆😆 The only jobs Kasongo has created for Luos is GOON cartel. After their mission is accomplished, wote watasafirishwa. Tutam hoyee!",hate,hate,False,False,True,True,high,"The tweet targets Luos as an ethnic group, delegitimising their political representatives ('not even real Luos') and using coded Swahili language ('wote watasafirishwa' - they will all be expelled) to imply ethnic purging, while 'GOON cartel' frames the community's employment as criminal.",False,hate,,agree_hate,p_hate_top,hate,hate,hate,True
2076527612529344713,"@mbiti_mwondi Raila was not greedy. Ruto utaona vile atafanya 2027, he'll take over ODM operations, he will fund the goons.. Itakua noma. Outcome ya 2027 election ni Ruto or Ruto.",offensive,offensive,False,False,False,True,medium,"The tweet is offensive through the phrase ""he will fund the goons,"" dismissively labelling political supporters as hired thugs, with ""Itakua noma"" (Swahili: 'it will be ugly/bad') reinforcing an ominous but non-explicit tone without rising to a direct violence call or ethnic targeting.",False,offensive,,random_agreed,p_offensive_top,neither,neither,neither,False
2070399159903928404,"You are overworking sir. I have lived to see the presidency of Kibaki and Uhuru as a grown up and all I keep asking, why are people singing wantam when no president has ever done all this in his first term. Then I realize it’s the Kikuyus. Their worry is Kenyans may never allow the mediocrity of another Kikuyu president. You’ve show us the light. Kenyans now know, you can come from anywhere and be the president as long as you get the job done. Mambo ya sijui tyranny of number hio ni ujinga ya huko kenol hatutakubali tena!",hate,hate,False,False,True,True,medium,"The tweet targets Kikuyus as an ethnic group with the framing 'Their worry is Kenyans may never allow the mediocrity of another Kikuyu president,' using coded dismissal ('tyranny of numbers ni ujinga') to frame Kikuyu political interests as illegitimate collective self-interest rather than policy.",False,hate,,split_gem_soft,p_hate_top,,neither,hate,False
2073449649780691403,@jimNjue_ Honestly I don't see Sifuna being part of the presidency.The opposition should and have settled on Kalonzo Matiangi ticket. Luhyas will steal vote for Ruto. History has always indicated they don't vote as a block,neither,neither,False,False,False,False,high,No hate or offensive speech.,False,neither,,split_gem_hard,p_hate_top,,hate,neither,False
2073621324170215479,"A bunch of weak man-ginas looking up to. A female leader, manyeeeh ma ngui, Fucking aye!!! #LindaMwananchiGusii #SISINDIOSIFUNA? #WANTAM",offensive,offensive,False,False,False,True,high,"The tweet uses the gendered slur ""man-ginas"" and the Gusii-language insult ""manyeeeh ma ngui"" to mock and demean men who support a female leader, constituting offensive speech through coded/local-language abuse.",False,offensive,,split_gem_soft,p_offensive_top,,offensive,hate,False
2075278596323647536,"Mange Kimambi na Maria Sarungi wana ugomvi mkubwa sana sasaivi. Wame-panic maandamano yao kutoungwa mkono na Watanzania. Wamekosa pesa nyingi za wafadhili, wanajua hawana credibility tena ya kuhamasisha ugaidi tena Tanzania. Muda sio mrefu wataanza kutukanana matusi hadharani.",offensive,offensive,False,False,False,False,high,"The tweet makes a defamatory accusation against named individuals, calling them instigators of terrorism with the phrase 'kuhamasisha ugaidi tena Tanzania' (inciting terrorism again in Tanzania), which is offensive without rising to hate speech targeting a protected group.",False,offensive,,agree_coded,nli_tail,neither,neither,neither,False
2078034906425254290,Wakale walienda kukula pesa ya Rigathi just the same way Kikuyus ate Ruto’s money. That trip was 100% funded by Gachagua,offensive,offensive,False,False,False,True,high,"The tweet is offensive due to the use of 'kukula pesa' / 'ate Ruto's money' — a Kenyan coded euphemism that collectively accuses ethnic communities of corruption, framing political misconduct in a culturally loaded metaphor without rising to hate speech.",False,offensive,,split_gem_soft,p_hate_top,,neither,hate,False
2078625170399384020,@4b5857cda2054d1 @Wakabando Kikuyu hate Ruto cos he reneged on their shareholder script and being their lap dog for equity and inclusivity by engaging supposed non shareholders to their chagrin. They only see Sifuna as their lapdog with Gachagua at the table securing 50%. Nothing about good governance.,hate,hate,False,False,True,True,medium,"The tweet targets Kikuyu as an ethnic group with collective negative intent, framing them through the coded metaphor 'shareholder script' and 'lap dog' to portray the community as self-interested ethnic power brokers — 'Kikuyu hate Ruto cos he reneged on their shareholder script' conflates ethnicity with conspiratorial political entitlement.",False,hate,,random_agreed,p_hate_top,neither,neither,neither,False
2075619365761007671,@Naomikibandi He doesn't own anyone. We are in a free country. Gachagua wants Kikuyus in his bags which is impossible.,neither,neither,False,False,False,False,high,No hate or offensive speech.,False,neither,,random_agreed,p_hate_top,neither,neither,neither,True
2075516463293603900,@DrRoselynAkombe If Kisiis depend on Onyoncha to propel Matiangi to presidency then they are toothless community,offensive,offensive,True,False,False,False,high,"The tweet dehumanises the Kisii community by calling them 'toothless community', implying powerlessness and worthlessness as a group.",False,offensive,,split_gem_soft,p_hate_top,,neither,hate,False
2073767221709451397,@MrErickRicky @pksalasya See the reason why i am insisting that you are deranged just like Salasya who you are trying to defend here. You are not even aware that your Salasya supports Gachagua's led United Opposition. Nyinyi ni kumbafu sana.,neither,neither,False,False,False,False,high,No hate or offensive speech.,False,neither,,random_agreed,p_offensive_top,offensive,offensive,offensive,False
2077322547574481337,"@GlitteringAnge Wananiboesha sana hao wazee. But it's an advantage to us in Linda Mwananchi. We go full throttle behind President Sifuna, we work extra hard to win him that seat by appealing directly to Kenyans minus the United opposition leaders because they are turning out to be saboteurs.",neither,neither,False,False,False,False,high,No hate or offensive speech.,False,neither,,agree_coded,nli_tail,neither,neither,neither,True
2074531230570151944,"@Honcalebamisi @gikundamarangu The mountain is indeed an expensive bride in every conceivable way! You can rent a Kikuyu, but you can't fully succeed to buy one!",hate,hate,True,False,True,True,high,"The phrase 'You can rent a Kikuyu, but you can't fully succeed to buy one' commodifies the Kikuyu ethnic group as purchasable objects, using transactional metaphor as coded dehumanisation targeting a protected ethnic group.",False,hate,,split_gem_hard,p_hate_top,,hate,neither,False
2078725075386442087,@PeterSweden7 Women are retarded. This is why they didn’t have voting rights. Giving women political power was suicidal. We need to strip it from them.,hate,hate,False,False,True,False,high,'Women are retarded' plus 'strip voting rights from them' - collective derogation and call for exclusion on gender basis.,False,hate,,agree_hate,p_hate_top,hate,hate,hate,True
2071932298451112289,"If Black South Africans were gathered in the millions armed with crude weapons in order to chase away Boers who have enslaved them, stolen 90% of their wealth and rendered them destitutes in their own country, fascist @realDonaldTrump would have sent warships, launched tomahawk missiles and orchestrated a @UN Security Council resolution condemning the violence and calling it “White Genocide.” @elonmusk would have turned @X into a White Revolutionary Media! But because the victims are Black Africans, the entire white world is silently cheering!",hate,hate,False,False,True,False,medium,Attributes complicity in atrocities to an entire racial group globally: 'the entire white world is silently cheering!'.,False,hate,,split_gem_hard,p_hate_top,,hate,neither,False
2073767274956152965,@Asamoh_ @NevilNiga @DidmusWaBarasa @WilliamsRuto A few hungry Bukusu people following Barasa for handouts is what you call making a statement? Smdh! That’s a sign of poverty due to bad governance. Western Kenya being a Bantu community can never vote for Kasongo.,neither,neither,False,False,False,False,high,No hate or offensive speech.,False,neither,,split_gem_soft,p_hate_top,,neither,hate,False
2073409291491659891,1 لیٹرل پٹرول پر 125 روپے لیوی،ٹیکسز قیمت کم نہ کرنا شرمناک عوام دشمن فیصلہ #PetrolPrice #tax #inflation #karachimatters,neither,neither,False,False,False,False,high,No hate or offensive speech.,False,neither,,agree_coded,nli_tail,neither,neither,neither,True
2077905987634098339,"RT @citizentvkenya: Rigathi Gachagua: I’m told they want to try and overturn the results and if they can’t, they cause chaos so that the election is cancelled so that they get another opportunity to repeat the elections. Even if they do, the results will remain the same. That is the Kikuyu nation for you",hate,offensive,False,False,True,False,high,'That is the Kikuyu nation for you' transfers blame for political chaos onto the entire ethnic community.,False,offensive,protected_target_to_hate,split_gem_hard,p_hate_top,,hate,neither,False
2078548487604711569,@GeraldoRivera You stupid f*ck. Trump provided actual classified evidence hidden from us that he was right all along and something needs to be done. Holy cow you are are such a deep stater.,offensive,offensive,False,False,False,False,high,'stupid f*ck' personal insult at individual.,False,offensive,,random_agreed,p_offensive_top,offensive,offensive,offensive,True
2070947263455560021,"@HonMoses_Kuria @NdindiNyoro @rigathi Is it Rigathi Gachagua who wanted to finish you and burnt your legs, then made you these days walking like a scarecrow? How can you warn Ndindi Nyoro when yourself you're politically dead, from an MP to a governor aspirant who competed with spoilt votes to a blogger! Useless!",offensive,offensive,False,False,False,False,high,"Personal and physical insults ('walking like a scarecrow', 'Useless!') against a politician.",False,offensive,,split_gem_soft,p_offensive_top,,offensive,hate,False
2073850941598478601,"@jmuragengunjiri The most gullible and stupid lot are these wantam mongrels, they consume anything negative about the government bora ni propaganda, it somehow makes them feel good",hate,offensive,True,False,True,True,high,'wantam mongrels' - 'mongrels' dehumanizes Kikuyu-associated opposition movement.,False,offensive,protected_target_to_hate,agree_hate,p_hate_top,hate,hate,hate,True
2074384591142404118,@InteriorKE @gk_ruku @ngaosKE There is a black police goon by the name of Rebecca traffic based at Karuri police station who is harrassing residents she demands hefty bribes anasema wakikuyu wako na pesa .,neither,neither,False,False,False,False,high,No hate or offensive speech.,False,neither,,agree_coded,nli_tail,neither,neither,neither,True
2074383796313444471,@citizentvkenya The Government is demonstrating against Kenyans 🇰🇪,neither,neither,False,False,False,False,high,No hate or offensive speech.,False,neither,,agree_coded,nli_tail,neither,neither,neither,True
2077638102919577607,"To argue that Mwai Kibaki was the sole or direct cause of the 2007/08 Post-Election Violence (PEV) is historically inaccurate, overly simplistic, and factually incomplete. 🧵",neither,neither,False,False,False,False,high,No hate or offensive speech.,False,neither,,agree_coded,nli_tail,neither,neither,neither,True
2074580864126861767,"@Kenyans And this is how kk lost all the other regions in the country especially luos and kaales. They just showed them which region is important. Mkaale hajawai pata barabara au hongo. Mjaluo has a soar throat for shouting 2tam on an empty stomach. They get a speech, maumau gets it all!",hate,hate,False,False,True,False,high,"'Mkaale hajawai pata barabara', 'Mjaluo has a soar throat' - collective negative characterization of both communities.",False,hate,,split_gem_soft,p_hate_top,,neither,hate,False
2074501288910364792,Kule Kisumu wajaluo wanapewa Rungus to be goons and sing TUTAM Meanwhile in Ol Kalou👇👇👇,hate,hate,False,False,True,False,high,'wajaluo wanapewa Rungus to be goons' attributes violent thuggery collectively to Luo community.,False,hate,,split_gem_soft,p_hate_top,,neither,hate,False
2073767001860825160,This extreme cold is sponsored by Tutam. Time ya Kibaki na Uhuru hakukuwa na baridi hivi 🌨️,neither,neither,False,False,False,False,high,No hate or offensive speech.,False,neither,,random_agreed,random_control,neither,neither,neither,True
2077087720707358827,"How fools reasons,,,, huyu aende nyumbani na kasongo wake",neither,neither,False,False,False,False,high,No hate or offensive speech.,False,neither,,random_agreed,p_offensive_top,offensive,offensive,offensive,False
2075172069566763028,"Western is irredeemably divided, and not even the presidency will unite them. Their conversation is always about clans where someone comes from. Bukusu think leadership is their birthright and other luhyas are their subjects. Believe me ,not , William Ruto will get more votes in Western Kenya than the opposition presidential candidate 2027.",hate,offensive,False,False,True,False,medium,'Bukusu think leadership is their birthright and other luhyas are their subjects' - collective attribution of superiority complex,False,offensive,protected_target_to_hate,split_gem_soft,p_hate_top,,neither,hate,False
2073398689364684874,"@HassanMcOjwang Kasongo akichukua mic atasema vile helathcare is free huku, watu wa tutam have a special place in hell if at all it exists",hate,offensive,False,False,True,False,high,'watu wa tutam have a special place in hell' - consigning Luhya community to damnation collectively.,False,offensive,protected_target_to_hate,split_gem_soft,p_hate_top,,neither,hate,False
2075261779748208711,@edwinsifuna @IEBCKenya is a BRANCH of Kasongo evil weapons against Kenyans. Anyone thinking these FCKs are independent is r*tarded.,offensive,hate,False,False,False,False,high,"'r*tarded' and 'FCKs' are crude personal insults about judgment, not ethnic targeting.",False,hate,non_target_hate_to_offensive,random_agreed,p_offensive_top,offensive,offensive,offensive,True
2073405304390254737,@wambuijoan2024 We know Kikuyus are desperate for such scenes! TUTAM is unstoppable!,hate,offensive,False,False,True,False,medium,'Kikuyus are desperate for such scenes' - collective attribution of desperation to the community.,False,offensive,protected_target_to_hate,split_gem_soft,p_hate_top,,neither,hate,False
2072782341454377172,@makaumully Duale and Mbadi definitely so that they can concentrate full time in organising 2027 post election violence against the Kikuyu community. They are already inciting other Kenyans against Kikuyus. They should not be earning from our tax payers contributions.,hate,offensive,False,True,True,False,high,'organising 2027 post election violence against the Kikuyu community' - direct accusation of planned ethnic violence.,False,offensive,protected_target_to_hate,split_gem_soft,p_hate_top,,neither,hate,False
2074063563119870278,@georgediano Bungoma has a substantial sabaot vote block in Mount Elgon and Kimilili are very clueless .,hate,offensive,False,False,True,False,high,'sabaot vote block... are very clueless' - collectively declares the community as stupid.,False,offensive,protected_target_to_hate,split_gem_hard,p_hate_top,,hate,neither,False
2074385558013431877,@gabrieloguda Talanta Stadium hiyo ujinga ingine pelekea nyanyako,neither,neither,False,False,False,False,high,No hate or offensive speech.,False,neither,,random_agreed,p_offensive_top,offensive,offensive,offensive,False
2074549634660208954,Wajaluo mlipewa nini wakati wa Ile By-election ya Were ama nyinyi bora mdanganywe na mdomo hamna shida? Ruto knows the worth of Kikuyus. Olkalalou Kikuyus wanapewa goodies then come 2027 wapewe running mate wajaluo wabaki wakingoja pawa😂😂😂,hate,hate,False,False,True,False,high,"'wajaluo wabaki wakingoja pawa' - mocks Luos collectively as politically naive, easily duped while others get benefits.",False,hate,,split_gem_soft,p_hate_top,,neither,hate,False
2075608831984320526,"@henrique_m2546 @Naomikibandi @rigathi What was the point of going to the press to call out Kangata? He can simply pass that information through a call or email. Tuseme tu ukweli, hatujafurahi.",neither,neither,False,False,False,False,high,No hate or offensive speech.,False,neither,,agree_coded,nli_tail,neither,neither,neither,True
2077796361844465903,"@Keir_Starmer Are yoh blind or just fucking mental? You've done everything in your power to habitually fuck over the british people against our wishes/ turn britain into an authoritarian hell hole and for that, we hate you. You are deluded and can go fuck yourself.",offensive,hate,False,False,False,False,high,"'fucking mental', 'fuck over', 'fuck yourself' - vulgar personal attack on UK PM Starmer, not group-based.",False,hate,non_target_hate_to_offensive,random_agreed,p_offensive_top,offensive,offensive,offensive,True
2075559968283971624,Irungu Kang'ata has just received an unexpected 'fuck you' from Gachagua. The wa-mabarua now looks like the clown he made of himself bowing to Wamunyoro,neither,neither,False,False,False,False,high,No hate or offensive speech.,False,neither,,random_agreed,p_offensive_top,offensive,offensive,offensive,False
2075266713084387761,"@jumaf3 Wewe ni Tutam merchant, we know you Luhyas, ukishiba you are okay. Wachana na Rigathi",hate,hate,False,False,True,False,high,"'we know you Luhyas, ukishiba you are okay' - collective stereotype that Luhya people are easily satisfied/bought.",False,hate,,agree_hate,p_hate_top,hate,hate,hate,True
2077282514360586650,"@SeeRacists Later whites will come out to be claiming saints always, whereas racism full their mind. He should be charged.",hate,offensive,False,False,True,False,high,'racism full their mind' - collective negative attribution to whites as a racial group.,False,offensive,protected_target_to_hate,agree_hate,p_hate_top,hate,hate,hate,True
2076194521482670352,"This is something I've been consistently telling Kenyans. Some people labelled me a Fool. Truth be told, Edwin Sifuna and Babu Owino will never stick together. This a competition of Egos. None amongst them wants to be led by the other. Caleb Amisi is another gentleman to watch.. infact he stopped attending the Linda Mwananchi rallies. The split is very very imminent. Na huku Western Kenya Papa Wa Roma is fully back on the ground. Watajua Hawajui!",offensive,offensive,False,False,False,False,high,Political attack / offensive speech.,False,offensive,,agree_coded,lexicon,neither,neither,neither,False
2073839392746041535,@JimmyKings8 Murkomen ni kihii tu kama Kasongo. Hii Kenya ni ya macuzo. Kasongo na Murkomen waendee macuzo wao South Sudan.😂😂☝️,hate,offensive,False,False,True,False,high,'Hii Kenya ni ya macuzo. waendee macuzo wao South Sudan' - ethnic supremacy claim plus expulsion call based on circumcision practices.,False,offensive,protected_target_to_hate,agree_hate,p_hate_top,hate,hate,hate,True
2075301410409738748,RT @DrJuma_M: Ruto bagging 3 Byelections will be Bad news for Wamunyoro,neither,neither,False,False,False,False,high,No hate or offensive speech.,False,neither,,agree_coded,nli_tail,neither,neither,neither,True
2075904980846866680,Toto na Tetesi: Nyoka wahangaisha wachezaji kombe la dunia. #MikikiMikiki @totoarege,neither,neither,False,False,False,False,high,No hate or offensive speech.,False,neither,,agree_coded,lexicon,neither,neither,neither,True
2077423077906866542,RT @G_Koffie: What can I do to stop Masturbating? Hide id ni Kasongo.,neither,neither,False,False,False,False,high,No hate or offensive speech.,False,neither,,random_agreed,p_offensive_top,offensive,offensive,offensive,False
2074924931997999451,"Opportunist propaganda, If plenty of Ksh were sent your way from UDA, you would be spinning about tutam",offensive,offensive,False,False,False,False,high,Political attack / offensive speech.,False,offensive,,agree_coded,nli_tail,neither,neither,neither,False
2075077351776436527,"We have this MP from Bureti constituency @KSebuleni who diverted the SGR station from Chebinyiny near the Bureti National polytechnic to his own land in Ikonge where his restaurants are. Very greedy and corrupt, and doesn't want his own people to benefit from the same SGR. The roads here are pathetic. Wantam. @Kibet_bull @Kotsocha_ke",neither,neither,False,False,False,False,high,No hate or offensive speech.,False,neither,,random_agreed,p_offensive_top,neither,neither,neither,True
2075176797340102829,"I have said many times that some Africans are actually savages and love killing one another. That why they justify mob justice. The guy below is John Kalange who lost his life after Mombasa residents accused him of stealing their private parts. Akili za uchawi! Just accusations,They killed him without a trial! Late they found it was a lie .",hate,hate,True,False,True,False,medium,"Describes Africans collectively as 'savages' who 'love killing one another', combining ethnic targeting with dehumanisation.",False,hate,,split_gem_hard,p_hate_top,,hate,offensive,False
2076680396503216261,"Kikuyu should stop the Sheninagans! There is nothing like singing and wailing the loudest WANTAM clarion while on other side your are being bribed or accepting bribes! You have shown that only your grand parents were intelligent. What has remained in Mt. Kenya and Kikuyu at large is skeleton of former selves. You may as well vote the current regime once again! The current Members of Parliament and Keep your mouth shut! The Olkalou election will seal the fate of both East and West of the mountain as well Kikuyus in other region as that will be your true representation! After this you should shut up! Buckle up and fuata Nyayo! You bribe takers,Gas and mattress beneficiaries!",hate,hate,False,False,True,False,high,'only your grand parents were intelligent. What has remained ... is skeleton of former selves' - collective degradation of Kikuyu intelligence.,False,hate,,agree_hate,p_hate_top,hate,hate,hate,True
2072682220817379695,Murkomen and Aaron Cheruiyot battling for Kalenjin supremacy not knowing they are the most hated leaders in Kalenjin and outside Kalenjin. No tribe will ever try Kalenjin again,hate,hate,False,False,True,False,high,"'No tribe will ever try Kalenjin again' - collective ethnic exclusion declaration, NCIC standard for stirring ethnic separation.",False,hate,,agree_hate,p_hate_top,hate,hate,hate,True
2074505459935953358,"@Ceaser_X6 @HEBabuOwino Luos will always want to be ahead of luhyas, we know that. Babu has been clear he wants Nairobi GV seat, here I just see a bitter soul",offensive,hate,False,False,False,False,high,Group-targeted attack / incitement.,False,hate,non_target_hate_to_offensive,random_agreed,p_hate_top,neither,neither,neither,False
2077252339790975271,"@NyabasaDanvas @mainandegwa232 Kikuyu from central hukuwa wajinga sana....But sisi from RV, we could never vote for Ruto, ata ikuwe ni yeye pekee yake kwa ballot",hate,offensive,False,False,True,False,high,'Kikuyu from central hukuwa wajinga sana' (are very foolish) - collective negative trait.,False,offensive,protected_target_to_hate,agree_hate,p_hate_top,hate,hate,hate,True
2077961060330463545,@CCarusheey The guy overates himself sana. He registered a party to force other Linda mwananchi to join so that he can start bragging how he's the founder.,neither,neither,False,False,False,False,high,No hate or offensive speech.,False,neither,,agree_coded,nli_tail,neither,neither,neither,True
2078652119587201483,@DrOparanya These are the foolish luhyas who think they can fight their son edwin sifuna openly and recklessly. ODM has died politically yet this old luhyas still want us to support ruto?? Hii wivu ya waluhya ni real. Mzee you are making political miscalculation like your senile oburu,offensive,offensive,False,False,False,False,medium,"'foolish luhyas who think they can fight their son' targets specific Luhya political actors opposing Sifuna, not the whole community.",False,offensive,,split_gem_hard,p_hate_top,,hate,offensive,False
2074502511860343288,@DCI_Kenya Motherfuckers,offensive,offensive,False,False,False,False,high,'Motherfuckers' - profanity.,False,offensive,,random_agreed,p_offensive_top,offensive,offensive,offensive,True
2075608949542269329,"Na wakikuyu mjue, Edwin Watenya Sifuna si Raila Odinga na wala si kibii ama kihii,Ile war mlikuwa mkiona wajaluo kwetu musijaribu,we are far worse animals that Luos.",hate,hate,True,True,True,False,high,'we are far worse animals that Luos... musijaribu' - mutual dehumanization plus veiled threat.,False,hate,,agree_hate,p_hate_top,hate,hate,hate,True
2070932374536224962,Herman Manyora opines that pushing Edwin Sifuna out as ODM's Secretary General paints the party as one owned by the Luo community.,offensive,hate,False,False,False,False,high,Group-targeted attack / incitement.,False,hate,non_target_hate_to_offensive,agree_coded,nli_tail,neither,neither,neither,False
2075105434956972140,@C_NyaKundiH Kenyans are very a pathetic lot. There is nothing they will do come 2027 and that's exactly what the government and its partners IEBC will do and they will be assisted by gangs in or without uniform. Mta do?,neither,neither,False,False,False,False,high,No hate or offensive speech.,False,neither,,random_agreed,p_hate_top,neither,neither,neither,True
2074794095789133860,"@HonMoses_Kuria Mbwa wewe,after the by election you gonna return them to the owner,we know you disgusting kipii!",hate,hate,False,False,True,False,high,Attacks a politician using an ethnically-tied cultural slur ('disgusting kipii').,False,hate,,split_gem_hard,p_hate_top,,hate,offensive,False
2077913440954257738,"@C_NyaKundiH Rent a Kikuyu, Yes You Can but buying one, No You Can't. Ruto thought his billions would endear him. We hate traitors &amp; bullies. Govt used and exhausted all the tricks in the books and lost. My takeway from Ol Kalou , we SHALL have post election violence in 2027!",hate,hate,True,True,True,False,high,'Rent a Kikuyu' commodifies an ethnic group; 'we SHALL have post election violence in 2027' threatens violence.,False,hate,,split_gem_soft,p_hate_top,,neither,hate,False
2075574814748582007,@itskipronoh Unfortunately gachagua is politically wise than matiangi and kisiis imagine they didn't know LM was meant to replace matiangi and cut him to size in the negotiation table.,neither,neither,False,False,False,False,high,No hate or offensive speech.,False,neither,,random_agreed,p_hate_top,neither,neither,neither,True
2074727510210752869,I don't have anything against Kisiis from Nyamira (I'm one) but why spend your witchcraft dark magic kuroga mtoto wa mtu mwenye ameunda mansion kwa village instead of shifting that energy kuroga Kasongo na familia yake?,neither,neither,False,False,False,False,high,No hate or offensive speech.,False,neither,,split_gem_soft,p_hate_top,,neither,hate,False
2075236214853042361,@UDAKenya goes to Ol Kalau and bribe voters with gas cylinders. Same UDA goes to Nyanza and bribe voters with Ksh200. Luos won't give us rest on these streets. They are all over busy singing tutam. Luos are FOOLS CC @gladyswanga @OpiyoWandayi @JohnMbadiN @DrOburu_O,hate,hate,False,False,True,False,high,'Luos are FOOLS' - collective attribution of stupidity to an ethnic group.,False,hate,,agree_hate,p_hate_top,hate,hate,hate,True
2075259609309135206,"Rigathi and his Kikuyu team led by Muturi are determined to keep Matiangi and Sifuna far from power in the opposition,he is only comfortable with A weak kalonzo,my advice to Sifuna is join Ruto and deny these mafia a Kikuyu controlled government,we can wait for 2032.",hate,hate,False,False,True,False,medium,'his Kikuyu team... these mafia... deny these mafia a Kikuyu controlled government' - links Kikuyu ethnicity to mafia.,False,hate,,split_gem_soft,p_hate_top,,neither,hate,False
2074936454254370906,@Justusessays @NyaduwaO @LeviMunyeri Not even our govt hawa (Luos for obvious reasons ) wataenda Maandamano wapitie kwa iyo area ata ikuwe protected aje like Area 51 waingie uko na ivo do disaster itakam!,hate,hate,False,True,True,False,medium,'(Luos for obvious reasons)' plus 'disaster itakam' - implied negative trait and threat of violent consequence.,False,hate,,split_gem_soft,p_hate_top,,neither,hate,False
2078473415694909880,@WhiteHouse No country can be great when the members of its government are proxies for some shit hole terrorist country in the middle East,hate,hate,False,False,True,False,high,'shit hole terrorist country in the middle East' - collective attack on national origin.,False,hate,,split_gem_soft,p_offensive_top,,offensive,hate,False
2074518434381992335,@gpdkaluma The government benefits you and they have place to be their mouth piece. The same government has participated in killing people not only Luos. Broadlight abductions and state own goons all these anyone who supports the government is completely benefiting from the government.,neither,neither,False,False,False,False,high,No hate or offensive speech.,False,neither,,random_agreed,p_hate_top,neither,neither,neither,True
2074222111023943885,@UDAKenya Ni kama mko na kichaaa nini. Narok is fuckiiiiiing one term.,neither,neither,False,False,False,False,high,No hate or offensive speech.,False,neither,,random_agreed,p_offensive_top,offensive,offensive,offensive,False
2076982512669143378,"Am seeing more and more parents requesting financial help to take their children to universities, when I remember RUTO is the product of the 100% university funding that the government provided it causes my heart pain.",neither,neither,False,False,False,False,high,No hate or offensive speech.,False,neither,,random_agreed,random_control,neither,neither,neither,True
2075219160682902014,"@Kenyans @orengo_james Linda mabwenyenye from paying tax is what you call Linda mwananchi,The way you ouster your deputy is enough to tell you are dictator,given powers you can rule with iron fist just like Jomo",neither,neither,False,False,False,False,high,No hate or offensive speech.,False,neither,,random_agreed,p_offensive_top,neither,neither,neither,True
2077807282289508578,@_KithureKindiki kimeumana,neither,neither,False,False,False,False,high,No hate or offensive speech.,False,neither,,agree_coded,lexicon,neither,neither,neither,True
2075538517023658041,@Kenyans You will hear those 2 term imbeciles in celebration as if they suffer from cerebral maleria,offensive,hate,False,False,False,False,high,'imbeciles' - insulting political opponents over term limits.,False,hate,non_target_hate_to_offensive,random_agreed,p_offensive_top,offensive,offensive,offensive,True
2075257125186445363,"Musalia Mudavadi has Never hustled in his political life. He believes in through pass opportunities He was first introduced into politics in 1989 following a family tragedy when his Father Died. He was only 28 yrs. He was pushed to Vie for MP seat sabatia Constituency out of sympathy He was just Elected. His Father was a good man and therefore He leveraged on His Father's legacies to get free things. After Saitoti's Resignation, He took advantage of the Feud between moi and Saitoti and Became the shortest serving Vice president. In 2013 Uhuruto Tricked him that He was their preferred presidential candidate on a mere Fact that they had a case in Icc and therefore they won't Contest. Uhuru later publicity admitted that He had not endorsed him. It was the work of the Devil....the Famous Madimoni. Now it's Emerging that Ruto had promised to make him president 2032.. what amazes us is that currently the promise has been shifted to Wetangula and not him. Today He appear Man under Siege or Siekenye. The Rise of EDWIN SIFUNA is giving him Pressure...He's wondering how such a young man has just risen like that and He has been in politics about 37 yrs but has never enjoyed such a powerful moment Sifuna is. Mudavadi Believes that national leaders must be old not Young, to him, Sifuna should wait. But the youths of this Country are saying Sifuna Hadi kwa ballot and yeye ndio Rais Mrarajiwa.",offensive,offensive,False,False,False,False,high,Political attack / offensive speech.,False,offensive,,agree_coded,lexicon,neither,neither,neither,False
2072392846422745149,"@LarryMadowo Mnangagwa, that mad son of @KagutaMuseveni and the blood-thirsty kasongo @WilliamsRuto would have used lethal force and live ammunition to shoot unarmed and peaceful citizens.",offensive,hate,False,False,False,False,high,"'mad son', 'blood-thirsty kasongo' - harsh personal attacks on named leaders.",False,hate,non_target_hate_to_offensive,random_agreed,p_offensive_top,offensive,offensive,offensive,True
2074431305542996104,@Kibet_bull Wajaluo wangoje samaki,hate,hate,False,False,True,False,medium,"'Wajaluo wangoje samaki' - ethnic stereotype mockery, reducing Luos to fish-waiting stereotype",False,hate,,split_gem_soft,p_hate_top,,neither,hate,False
2073886667233189909,"Mr. Gachagua you’ve done everything you could to divide Kenyans by promoting tribalism, also to tarnish the image of our Great Country called Kenya. Incase you didn’t know, I’ll tell you openly that you won’t succeed in any of these. We know you hate Kenya and its Unity. Sad for you!",offensive,offensive,False,False,False,False,high,Political attack / offensive speech.,False,offensive,,agree_coded,nli_tail,neither,neither,neither,False
2076123001930608885,@thekognitive @Abdikadirmba008 how and it is dcp strong hold? DCP ndo ikishindwa wafunge virago. nikama UDA inataka kuua nyoka kwa kupiga kichwa,offensive,offensive,False,False,False,False,high,Political attack / offensive speech.,False,offensive,,agree_coded,lexicon,neither,neither,neither,False
2073052992421384548,@realcomeback_ Same raila that vied 5 times never won . He gave directions to luos whose votes have never helped anyone other than get them to govt after elections . 2027 you will be in opposition again,offensive,hate,False,False,False,False,high,Group-targeted attack / incitement.,False,hate,non_target_hate_to_offensive,random_agreed,p_hate_top,neither,neither,neither,False
2075089952719724946,"President William Ruto extended the olice branch to Luos, and ever since kikuyus are convinced that he is the devil himself.... thats the reality, if you dont believe me, go back and see what kikuyus were saying during the 2023 Anti finance bill protests Wamunyoro luos are scum",hate,hate,True,False,True,False,high,'luos are scum' - explicit dehumanizing collective contempt for Luos as a community.,False,hate,,split_gem_soft,p_hate_top,,neither,hate,False
2075714989411983436,@Lyracutevibes Hatin ass motha fucka I thought u loved me u don’t !,neither,neither,False,False,False,False,high,No hate or offensive speech.,False,neither,,random_agreed,p_offensive_top,offensive,offensive,offensive,False
2075168762056110127,@itskipronoh Hii kabila yenu ni ya crybabies and emotional wrecks.What will you say when we ask about Gachagua?A man who contributed to about 4m votes to make ruto president and not a pathetic 1.4m ruto contributed to uhuru?,hate,hate,False,False,True,False,high,'Hii kabila yenu ni ya crybabies and emotional wrecks' - collective negative trait to tribe.,False,hate,,agree_hate,p_hate_top,hate,hate,hate,True
2077453835983835376,"@Belive_Kinuthia These are Luhyas who are sellouts, they represent nothing in western region and if they represent the political position of western region, let them go to either Bungoma or Kakamega and issue such press statement not in Nairobi. Bure kabisa. WANTAM is Real #RutoMustGo",hate,hate,False,False,True,False,medium,"'These are Luhyas who are sellouts, they represent nothing' collectively dismisses named Luhya politicians as ethnically treacherous and representative of nothing - NCIC ethnic contempt applied to a community bloc.",False,hate,,random_agreed,p_hate_top,neither,neither,neither,False
