seed_handle,seeds,echo_authors,seed_followers,echoed_components,in_coord_cluster
citizentvkenya,27,110,6853796,33,False
NationAfrica,18,85,4265144,30,False
StandardKenya,16,54,2732827,41,False
Kenyans,13,59,2736581,19,False
ntvkenya,12,52,5352499,38,False
K24Tv,11,33,3217136,6,False
KTNNewsKE,7,29,879240,52,False
omwambaKE,7,32,1319220,13,False
Nairobi_Leo,7,24,7540,10,False
KenyanSays,6,24,209881,0,False
TheStarKenya,4,16,2416897,7,False
PeopleDailyKe,4,15,241444,3,False
Chipukizii,4,24,5481,2,False
Lightcasttvke,3,15,8323,8,False
KBCChannel1,3,12,937904,7,False
KahawaTungu,3,10,85749,7,False
NairobiNews254,3,11,945,4,False
CaptainKipkorir,3,12,15806,3,False
_zack255,3,17,94504,2,False
newto_code_14,3,10,15986,2,False
_KithureKindiki,3,12,99052,1,False
rigathi,3,9,1089234,1,False
Obuchunju,3,9,15980,0,False
kipmurkomen,3,10,2943021,0,False
RadioGenKe,2,25,6106,9,False
Isaac_Otwoma,2,6,47862,6,False
UzalendoNews_KE,2,6,8018,5,False
kiambu_magazine,2,7,20335,4,False
tv47digital,2,6,4173,4,False
PropesaTv,2,6,167649,3,False
WilliamsMkenya,2,12,623609,3,False
moneyacademyKE,2,13,480320,3,False
DrJuma_M,2,7,19675,2,False
GunnerAfrican,2,6,5580,2,False
Her_agape,2,16,23818,2,False
johnmark254,2,6,5305,2,True
HildaNewton21,2,6,955260,1,False
abbiezuena,2,6,10857,1,False
thekenyatimes,2,6,34378,1,False
reddyMoney54,2,6,8239,0,False
HourlyNewsWave,1,3,223,8,False
JosephMasta2,1,3,1687,6,True
Sheryllisa52263,1,3,6579,6,False
senator047,1,4,6776,6,True
Goddie_Ke,1,3,769502,5,False
Kiumbu01_,1,3,18189,5,False
NyakundiReport,1,3,31036,5,False
kenyancryptos,1,3,1030,5,False
pakameoww,1,3,10418,5,True
CaptainDominicO,1,3,96822,4,True
JaphethOtieno01,1,3,15953,4,False
Mneyla1,1,4,1984,4,False
_DCPTV,1,8,19082,4,False
hivileo1,1,5,6243,4,True
ngicho_dickens,1,4,2583,4,True
Blury_xl,1,4,20723,3,False
BravinYuri,1,4,385441,3,False
CynthOmolo,1,11,2501,3,True
Dennis_Itumbi02,1,6,52841,3,True
Isabela_KE,1,4,8697,3,False
MariaSTsehai,1,3,1373055,3,False
PeterKariukiKE,1,4,44638,3,False
Tweets_by_jnr,1,20,18321,3,False
cbs_ke,1,8,168022,3,False
futureishumans,1,4,242,3,True
lawrencekitema,1,3,333974,3,False
muturikiamaini,1,5,15,3,True
pascal_masinde,1,3,271,3,True
AmoPsychic,1,8,10111,2,False
AtticRealtors,1,9,45,2,False
Fran66062Frank,1,8,140,2,True
Gitz__,1,5,57406,2,False
KamemeTvKenya,1,3,49195,2,False
KenyanDispatch,1,24,134,2,False
KinyoiKe,1,4,1359,2,False
Mwamba_hi,1,3,8607,2,False
TruthPatrol254,1,5,15325,2,False
Tweets_by_maia,1,28,13907,2,True
Tweetsbyblair,1,3,8922,2,True
UDAKenya,1,5,359024,2,False
alfredmwitike2,1,3,95286,2,False
litundunya,1,5,5606,2,False
lynoxanzweni,1,4,5788,2,False
mistakelvin__,1,3,3955,2,False
morganchase__,1,3,14080,2,False
teamsifuna001,1,5,773,2,True
theweeknd6699,1,5,1550,2,False
wmwengah,1,40,60009,2,False
AllienAizz,1,6,9126,1,False
Andriko75,1,4,7700,1,False
ArapTilingi,1,3,63989,1,False
Ass_tridah,1,3,31527,1,False
Bizydan,1,4,10836,1,False
Chamgeifm1,1,5,43862,1,False
EngJohnMachari1,1,3,13173,1,False
EricyWaren,1,3,2530,1,False
GameYetu,1,3,76513,1,False
GenZedRebellion,1,5,3043,1,False
Grace_Mlowe,1,3,11623,1,False
HEBabuOwino,1,3,324342,1,False
HillaryGondi,1,3,101464,1,False
HonJBMuturi,1,833,375635,1,False
IgnatiousMuga,1,6,3308,1,False
KangiMacharia,1,3,485,1,False
Kaseeo_,1,10,50196,1,False
LiverpoolFCKen2,1,3,323,1,False
Maryian96,1,3,32081,1,False
MedhaneMartins,1,26,7891,1,False
Mike_Kutola,1,14,9140,1,False
OleItumbi,1,4,2435945,1,False
Tabogmail2,1,12,2781,1,True
TopCongo,1,3,1150517,1,False
Total_Seth,1,3,35029,1,False
Truepastoralist,1,6,5585,1,False
TukioDigital,1,3,319,1,False
TweetsByKui,1,6,10334,1,False
Uyomian,1,3,10746,1,False
Wangari_Anita_,1,6,13223,1,True
daphyso,1,4,4968,1,True
felix_asoha,1,4,4395,1,False
foundation_jay,1,5,117,1,False
hillary001_,1,18,16319,1,False
iam_elviske,1,3,10600,1,False
idontexistTore,1,337,82636,1,False
itskipronoh,1,3,224584,1,False
justTristy,1,5,8429,1,False
karumipeter0,1,4,2733,1,False
kbcenglish,1,4,28823,1,False
mi6rima,1,6,4913,1,True
minista001,1,19,14276,1,False
mlangila1,1,3,71,1,False
orengo_james,1,3,1676746,1,False
royalmediatz,1,3,320685,1,False
samuelwasilwa5,1,4,1357,1,False
skmusyoka,1,3,1696871,1,False
tonykagoh,1,3,33,1,False
254_icon,1,3,112396,0,False
AdvocateOfBarca,1,3,1469,0,False
AishaAbdirashi8,1,3,1265,0,False
AmbokoJH,1,6,82033,0,False
AreiCool,1,3,1650,0,False
Balyx_,1,4,156370,0,False
CharlotteMugish,1,4,1251,0,False
Cherub_Rock_23,1,3,9985,0,True
ChikombeLevi,1,4,372,0,True
CollinaCleo_nft,1,15,11968,0,False
DanielKisonyo,1,3,2245,0,True
DanielNjoroge2,1,5,60,0,False
DeryaSim,1,10,184,0,False
DirectorKenito,1,44,9523,0,True
Dr_Sadist_ke_,1,3,10999,0,False
Dukeofmumias001,1,4,11852,0,False
EMarubu1,1,10,91,0,False
EdisonMyinga1,1,5,4132,0,False
ErastusNje51778,1,14,956,0,False
EugeneOgolla1,1,7,499,0,True
EustusKoine,1,11,15,0,False
ExNezo,1,3,49203,0,False
FalhadaIman,1,3,439733,0,False
FashionPalace8,1,3,5798,0,False
FranklineTarus,1,3,347,0,False
GE_Albert5,1,3,339,0,False
GoldenWriters_,1,4,18448,0,False
GreenetheDj,1,3,9230,0,False
HezMureithi,1,5,0,0,False
HonWamboka,1,3,8149,0,False
Info_Seru77,1,3,5,0,False
JakaitMoses,1,4,1533,0,False
JaviourOchieng,1,4,18,0,False
Joen5876,1,4,24,0,False
JohnJoh96896351,1,6,74,0,False
JoylineChebet1,1,19,8147,0,False
JuniorAkella,1,3,10638,0,False
KabongoMau62741,1,3,85,0,False
KevinjjUSA,1,3,2540,0,False
KimLeftsmile,1,11,12588,0,False
KipasRisa,1,9,1631,0,False
KoTmmeru2,1,4,2502,0,True
LadyVictoriaD,1,14,3927,0,False
LawSocietyofKe,1,3,38385,0,False
LewisMenya,1,3,17810,0,False
MOB_gathinji,1,3,5555,0,False
MSIngawa,1,3,160812,0,False
MaureenMur50993,1,3,27,0,False
Mimihapa9,1,3,154,0,False
MinionBonny,1,5,124,0,False
MkenyaMzalend0,1,4,130,0,False
Mungunyo_Gatere,1,3,570,0,False
MykBrynn,1,4,1472,0,False
NgugiKariu31754,1,3,1839,0,False
Nick_Weather,1,3,1560,0,False
OkiyaOmtatah,1,10,417429,0,False
OtienoEdwin16,1,3,878,0,False
OyendeAllan,1,3,0,0,False
PentlandsTax,1,29,1068,0,False
Poison_king_1,1,3,16040,0,False
Pwrfulwoman2,1,8,50484,0,False
Radio47_Kenya,1,4,32999,0,False
RealTshemedi2,1,4,13731,0,False
RicardoMaranii,1,3,0,0,False
RichkiddWizzy,1,3,9809,0,False
RickSchoen35735,1,24,4378,0,False
SAVEJennYfromHR,1,10,2460,0,False
SPT1603,1,7,2106,0,True
Sarahlei3,1,4,1546,0,False
SessizadamEmir,1,4,4681,0,False
SonOfHopeE,1,3,5022,0,False
StanysBujakera,1,5,830488,0,False
SudanTribune_EN,1,4,103192,0,False
TabraizAurah,1,5,4264,0,False
Talphondrait,1,3,5839,0,False
TheEmmanuelToo,1,3,4393,0,False
The_Informer_KE,1,3,50,0,False
Thee_Acheron,1,5,2341,0,True
Tonny_LeBron,1,3,829,0,False
VMatiga,1,4,175,0,False
Wangilawandaria,1,3,2920,0,True
Yahya_Sinvar_,1,3,112893,0,False
_NairobiDaily,1,3,83,0,False
_jahom,1,3,33779,0,False
abdul_chaucer12,1,5,220,0,False
abokfelix,1,3,7797,0,False
ailedenbiriyim_,1,3,346,0,False
bkairu5,1,4,1541,0,False
brite768,1,11,6306,0,False
brotherharryy,1,25,364,0,False
c9117430587608,1,3,72,0,True
central_sage,1,4,455953,0,False
chandradeepsin1,1,9,143,0,False
chrispo373,1,3,309,0,False
clayton__y,1,3,908,0,False
dj_skold,1,4,4069,0,True
doyledeno,1,4,29,0,False
earadiofm,1,5,1414923,0,False
edigaga_edga,1,3,2627,0,False
exceleunnah254,1,3,27132,0,False
filipelouta,1,3,3063,0,False
gabrasiro,1,6,1225,0,False
gildergen,1,3,22,0,False
glover_roberts,1,5,2166,0,False
harukaze_illust,1,8,21700,0,False
honkabogo,1,5,951387,0,False
iMuthembaa,1,3,6128,0,True
johghindah,1,4,290,0,False
jonazani,1,6,204,0,True
kenkagu,1,6,26,0,False
kijanayamwingii,1,4,98164,0,False
kilundeezy,1,4,140453,0,False
kithebajuniar,1,10,3316,0,False
mansangchirchir,1,4,20349,0,False
mehmetemincifci,1,4,1260,0,False
mulwa_jr,1,3,16773,0,False
murugi_simon,1,5,216,0,False
mutua781229,1,3,195,0,False
mzawaonline,1,3,275173,0,False
naledifusion,1,4,15548,0,False
nickieee001,1,6,2900,0,False
nishachar_11,1,3,1242,0,False
oldsophguy,1,4,2798,0,False
ozanee_11,1,3,3400,0,False
paisylynn,1,7,4742,0,False
pearl_aloharxxx,1,3,17149,0,False
pishmafia,1,3,825,0,False
recreatedd16,1,3,26013,0,False
rkferris1,1,54,3574,0,False
rylnei,1,8,53881,0,False
sakaazee,1,3,109,0,False
shijanigul29385,1,3,313,0,False
smh__w,1,3,64534,0,False
supertanskiii,1,3,229455,0,False
swahili254,1,3,2239,0,False
tessa18640,1,14,3967,0,False
theeokello,1,4,22405,0,False
thespartanguide,1,3,3683,0,False
urban_father,1,4,2646,0,False
vbanno,1,3,4623,0,False
MutembeiTV,0,0,0,14,False
TheTackleKE,0,0,0,12,False
eagle_feed,0,0,0,9,False
martolishez,0,0,0,9,True
Eastleighvoice,0,0,0,7,False
thee_alfa_house,0,0,0,7,True
BernardKavuli,0,0,0,6,False
DanChepta,0,0,0,6,False
JJwillmadeit,0,0,0,5,False
Jesus0reigns,0,0,0,5,True
MaryAmondi37004,0,0,0,5,False
VantageKe,0,0,0,5,False
heroinelincoln,0,0,0,5,False
kindaYobra,0,0,0,5,False
nairobieyeKE,0,0,0,5,False
Adele_lide,0,0,0,4,False
Baddie61081M,0,0,0,4,False
Clintonio10,0,0,0,4,False
EvanoMemba,0,0,0,4,False
GetembeTV,0,0,0,4,False
GlitteringAnge,0,0,0,4,True
Godfxer_fan,0,0,0,4,False
Kibet_bull,0,0,0,4,True
Mnauwoo,0,0,0,4,False
MsenanguFM,0,0,0,4,False
Mwiki_,0,0,0,4,False
Naomikibandi,0,0,0,4,True
Omondiphab,0,0,0,4,False
Realkangethe,0,0,0,4,False
WanjiruJenty,0,0,0,4,False
Welukweli,0,0,0,4,False
stvmedianetwork,0,0,0,4,False
1ngadu1,0,0,0,3,False
8t8_mediakenya,0,0,0,3,False
AbdulahiAdan10,0,0,0,3,False
Babalucky254,0,0,0,3,True
Bookten8,0,0,0,3,False
BusinessNews254,0,0,0,3,False
Calistus42,0,0,0,3,True
Em36010,0,0,0,3,True
Ireenah_,0,0,0,3,False
ItsMissMaina,0,0,0,3,False
JomaxDigital,0,0,0,3,False
KeNewsChannel,0,0,0,3,False
Masika_039,0,0,0,3,False
Milele_FM,0,0,0,3,False
MintoFmradio,0,0,0,3,False
MwaniaSimon30,0,0,0,3,True
MwanzoTv,0,0,0,3,False
Nael254,0,0,0,3,False
PloSigei,0,0,0,3,False
RapudoBrian,0,0,0,3,False
TheNairobiTimez,0,0,0,3,False
Walukhaya,0,0,0,3,False
Wambuib4sky,0,0,0,3,True
WilberforceOnd4,0,0,0,3,False
_7zackiee,0,0,0,3,False
_ItsMkisii,0,0,0,3,False
_KemuntoM,0,0,0,3,True
dictatorbin,0,0,0,3,False
dj_santoz254,0,0,0,3,False
eugene_arogo1,0,0,0,3,True
fourtheyenews,0,0,0,3,True
genz___baddie,0,0,0,3,False
kichefuchefuu,0,0,0,3,False
koikai_john,0,0,0,3,False
mwendani_mg,0,0,0,3,False
omwansaMomwansa,0,0,0,3,False
pdrtv_ke,0,0,0,3,False
wafulaoa,0,0,0,3,False
yNews_digital,0,0,0,3,False
1nissah,0,0,0,2,False
AfricaElite_,0,0,0,2,False
AnthonyKit93001,0,0,0,2,False
Asswetooo,0,0,0,2,False
BettieWaShiro,0,0,0,2,False
BiancaNaom1,0,0,0,2,False
BoboWamboiKuria,0,0,0,2,False
Brannyscloset,0,0,0,2,True
BrianChabari,0,0,0,2,False
CCarusheey,0,0,0,2,True
CapitalFMKenya,0,0,0,2,False
CaroliOmondi,0,0,0,2,False
ChangeTanzania,0,0,0,2,False
DailyWisdomPath,0,0,0,2,False
DavidTuey,0,0,0,2,False
Deviant_Space,0,0,0,2,False
Dkelly4congress,0,0,0,2,False
Doc_Tary,0,0,0,2,True
Doktavir,0,0,0,2,True
Eddie_Mugoh,0,0,0,2,False
EduTalkTz,0,0,0,2,False
ElkanahMbaka,0,0,0,2,True
Frenkie044,0,0,0,2,False
GavaInatenda,0,0,0,2,False
GillyBonnyTv,0,0,0,2,False
Gitamuri003,0,0,0,2,False
GraceNy59291892,0,0,0,2,False
HKebeya,0,0,0,2,True
Hamisi442056,0,0,0,2,True
Intel__bloom,0,0,0,2,False
IsajiBrian1,0,0,0,2,False
Jambotv_,0,0,0,2,False
JoelJirane,0,0,0,2,False
JohnNgutiCDM,0,0,0,2,False
JohnmarkMarco2,0,0,0,2,True
Jossmurage2,0,0,0,2,False
JosueMuriu,0,0,0,2,False
KahoyaMuiru,0,0,0,2,False
Kaka_Tzey,0,0,0,2,False
KapingaMtu,0,0,0,2,False
KateNduta_,0,0,0,2,False
KijanayaKabras,0,0,0,2,False
KijanayaKmtc,0,0,0,2,False
Kilwafinest,0,0,0,2,False
KimBadeji,0,0,0,2,False
Kiunga0,0,0,0,2,False
KryllianThe1st,0,0,0,2,False
KwendoEnos37573,0,0,0,2,True
KyaloIntel,0,0,0,2,False
Kyson254,0,0,0,2,False
LabanMbunya,0,0,0,2,False
Lagoh_,0,0,0,2,True
Littlegirl_254,0,0,0,2,False
LookUpTvDigital,0,0,0,2,False
Ltenkeiyon,0,0,0,2,False
MakaleDorcus,0,0,0,2,False
Malukistephen1,0,0,0,2,True
MamboMseto254,0,0,0,2,False
Marc_Macuda,0,0,0,2,False
MarthaKarua,0,0,0,2,False
MifflinWright,0,0,0,2,True
Mkenya005,0,0,0,2,False
Mkurugenzi_GenZ,0,0,0,2,False
MrMuraya,0,0,0,2,False
Mrprincipal59,0,0,0,2,False
Mtaalam_01,0,0,0,2,False
MtakatifuMike,0,0,0,2,False
Mungai_Frank35,0,0,0,2,False
MusaGVNG,0,0,0,2,False
MusaliaMudavadi,0,0,0,2,False
Must_Go27,0,0,0,2,False
MwangiHub,0,0,0,2,False
MwangoCapital,0,0,0,2,False
Mwinshehe07,0,0,0,2,False
MzalendoeraKE,0,0,0,2,True
Ndunguzg,0,0,0,2,True
News_Kenya,0,0,0,2,False
NovaKiteh,0,0,0,2,True
OGgrandad,0,0,0,2,False
OKatandi,0,0,0,2,False
OkothKopondo,0,0,0,2,False
Omondimikeoo,0,0,0,2,True
Omwamijn,0,0,0,2,False
Oscar_ww_,0,0,0,2,True
PETERNJENG26877,0,0,0,2,False
PHIAMAX,0,0,0,2,False
PetitJaber,0,0,0,2,False
Prince13501878,0,0,0,2,True
Prof1one,0,0,0,2,True
RBryan275,0,0,0,2,False
Ragus12578434,0,0,0,2,True
RutoIsaMofo,0,0,0,2,True
Sativa255,0,0,0,2,False
Simonmbugua_,0,0,0,2,False
SpiceFMKE,0,0,0,2,False
TanzaniaGains,0,0,0,2,False
TaweMovement1,0,0,0,2,False
Tevinmore14,0,0,0,2,False
TheMtBoulevard,0,0,0,2,False
VictorN55304655,0,0,0,2,False
WilliamsRuto,0,0,0,2,False
Yogablackbelt2,0,0,0,2,False
_ChrisOW,0,0,0,2,False
_EvelynKe,0,0,0,2,False
_Mulandi_89,0,0,0,2,False
_nate23,0,0,0,2,False
_vibes001,0,0,0,2,False
_willy001,0,0,0,2,True
aab26_,0,0,0,2,True
amthetherapy,0,0,0,2,False
b_kigo,0,0,0,2,False
baba_makena,0,0,0,2,False
berurfmke,0,0,0,2,False
brenda_ogo30333,0,0,0,2,False
cantoh_amos,0,0,0,2,True
carlxjohn40,0,0,0,2,False
ceeyemnjeru1,0,0,0,2,False
chapanombombwi,0,0,0,2,False
eastafricatv,0,0,0,2,False
eger_ke,0,0,0,2,True
etCo2_Observer,0,0,0,2,False
favour_ke1,0,0,0,2,False
genzinitiative,0,0,0,2,False
itsburberry22,0,0,0,2,False
itsdylanke,0,0,0,2,False
jimNjue_,0,0,0,2,False
jmuragengunjiri,0,0,0,2,False
joelbroownii,0,0,0,2,False
joharimshana,0,0,0,2,False
keifrel,0,0,0,2,True
kenyanbulletin_,0,0,0,2,False
lifeofmshaba,0,0,0,2,False
localboyNY,0,0,0,2,False
makale_jesse,0,0,0,2,True
man_just72747,0,0,0,2,False
martin_2world,0,0,0,2,False
matuidiltd,0,0,0,2,True
mbutchJ,0,0,0,2,False
michaelmakarina,0,0,0,2,False
muchiri_kiminda,0,0,0,2,False
mwabilimwagodi2,0,0,0,2,False
nairobeeee,0,0,0,2,False
nanshehadad,0,0,0,2,False
ngainenjeru,0,0,0,2,False
njoguembu,0,0,0,2,False
oloojl,0,0,0,2,False
onjolo_kenya,0,0,0,2,False
primemediakenya,0,0,0,2,False
pynnats1,0,0,0,2,True
realma1na,0,0,0,2,False
rose_gakuo,0,0,0,2,False
sendloketion,0,0,0,2,False
sirglickson,0,0,0,2,False
sophykwiri,0,0,0,2,False
soskim8,0,0,0,2,False
strathless,0,0,0,2,False
thebordertimes,0,0,0,2,False
thetimeskenya,0,0,0,2,False
tonui_kibet254,0,0,0,2,False
tonykaromo,0,0,0,2,False
vybzmartel_,0,0,0,2,False
wanjirunjira,0,0,0,2,False
wizara123,0,0,0,2,False
09Vato,0,0,0,1,False
0xShivashish,0,0,0,1,False
137LabsEN,0,0,0,1,False
1963taji,0,0,0,1,False
1Matt_Alexander,0,0,0,1,False
1winebythebayTV,0,0,0,1,False
2020Election_Tz,0,0,0,1,False
254_seba,0,0,0,1,False
254lyt,0,0,0,1,False
39kousin,0,0,0,1,False
510b08fe3e104bd,0,0,0,1,False
63notts1,0,0,0,1,False
6lackristoff,0,0,0,1,False
80Hyttinen,0,0,0,1,False
95DanielIsaac,0,0,0,1,False
9zf4n,0,0,0,1,False
AAbdize_,0,0,0,1,False
ABAS__SK,0,0,0,1,False
AEvanInazuma,0,0,0,1,False
AKizitoh63936,0,0,0,1,False
AVID_SZN,0,0,0,1,False
Abba_bakaji_,0,0,0,1,False
Abdulilu1,0,0,0,1,False
Aboge_27,0,0,0,1,False
AbroadTanzania,0,0,0,1,False
AbuuAbdullaah,0,0,0,1,False
AbuuSumayyah10,0,0,0,1,False
Addy_Adams,0,0,0,1,False
Ademba_47,0,0,0,1,False
AdliSann,0,0,0,1,False
Adnan_Dulla,0,0,0,1,False
AdonisOchuoga,0,0,0,1,False
Aduiwayanga,0,0,0,1,False
Adun17114Adun,0,0,0,1,False
AfricaMediaView,0,0,0,1,False
AgandaBenard,0,0,0,1,False
Agwambo_,0,0,0,1,False
Ahija9,0,0,0,1,False
AkLevite,0,0,0,1,False
AkinderWorld,0,0,0,1,False
AleRuaTwit,0,0,0,1,False
AlexKifana,0,0,0,1,False
Alexsafek,0,0,0,1,False
AlfredLete,0,0,0,1,False
AlistideV,0,0,0,1,False
AlkebuLan_Ke,0,0,0,1,False
AlkernS71,0,0,0,1,False
AllConnectMedia,0,0,0,1,False
AllanObare4,0,0,0,1,False
Allan_agade93,0,0,0,1,False
AloikinOpoloje,0,0,0,1,False
AloisKilungu,0,0,0,1,False
AlphaMan_Ke,0,0,0,1,False
AmThePaul,0,0,0,1,False
AmaniHemedi,0,0,0,1,False
AmbTagare,0,0,0,1,False
AmbitiousG75249,0,0,0,1,False
AmosChe70366903,0,0,0,1,False
AmosOdhiam94664,0,0,0,1,False
AmothLovin,0,0,0,1,False
AmpaireBen,0,0,0,1,False
Andie__Man,0,0,0,1,False
Andrewlimo21,0,0,0,1,False
AnnMariaRiley1,0,0,0,1,False
Anonymou5____,0,0,0,1,False
Ant_oline,0,0,0,1,False
AnthonyEme27082,0,0,0,1,False
AnthonyM82881,0,0,0,1,True
Antonios_X6,0,0,0,1,False
AnttiSalonen2,0,0,0,1,False
AnuarSaddat,0,0,0,1,True
Apropos_KE,0,0,0,1,False
ArnoldObaga,0,0,0,1,False
Arthurmbaka,0,0,0,1,False
Aruatani,0,0,0,1,False
Asamoh_,0,0,0,1,False
AssetZero0,0,0,0,1,False
Asterixhk,0,0,0,1,False
AsunaHarrison,0,0,0,1,False
Atea_01,0,0,0,1,False
AustinMulla,0,0,0,1,False
AwandoSarah,0,0,0,1,False
Awesially,0,0,0,1,False
AyoraMoses,0,0,0,1,False
AyotDodo,0,0,0,1,False
BONFACE70127657,0,0,0,1,False
BRIANWA11189997,0,0,0,1,False
BROrchestrate_,0,0,0,1,False
BSanapei,0,0,0,1,False
BadmanDecember,0,0,0,1,False
Bag_of_Mucus,0,0,0,1,False
Bahati778571,0,0,0,1,False
BalamaKaiza,0,0,0,1,False
Baraza_Kuu,0,0,0,1,False
Baskanhanm58,0,0,0,1,False
Beckton272601,0,0,0,1,False
BelievAfrica,0,0,0,1,False
Belive_Kinuthia,0,0,0,1,False
BenIsaacdp,0,0,0,1,False
Bendevelarian98,0,0,0,1,False
BenedictKariuki,0,0,0,1,False
Benjee_Turbo,0,0,0,1,True
BensaysMag,0,0,0,1,False
BensonMutu81491,0,0,0,1,False
Benson_Mwiti_25,0,0,0,1,False
Bestest789,0,0,0,1,False
Beth_Nakuru,0,0,0,1,False
Bethuelbett,0,0,0,1,False
Bettkipsang69,0,0,0,1,False
BichiyV78242,0,0,0,1,False
BigJotita,0,0,0,1,False
BigmanDarsil,0,0,0,1,False
Bill_Valar,0,0,0,1,False
Billclinton_ke,0,0,0,1,False
BinGader17,0,0,0,1,False
BitMartExchange,0,0,0,1,False
BlackMuslim254,0,0,0,1,False
BlessedMorgaan,0,0,0,1,False
BlessedTrish01,0,0,0,1,False
BlessedZoeua,0,0,0,1,False
Bn2guru,0,0,0,1,False
BoardLotSultan,0,0,0,1,False
BobVigh79555,0,0,0,1,False
Bobby7201514,0,0,0,1,False
BonfaceOngeriW,0,0,0,1,False
BonnieGMwangi,0,0,0,1,True
Bosongo_,0,0,0,1,False
BrGikonyo,0,0,0,1,False
BrainsteinR,0,0,0,1,False
Bravo6xGoinDark,0,0,0,1,False
Brayden58657171,0,0,0,1,False
BrendaRupia,0,0,0,1,False
Brian49330447,0,0,0,1,False
BrianDecke92273,0,0,0,1,False
BrianKevinKe_,0,0,0,1,False
BrianMPeter,0,0,0,1,False
Brian_Malemo,0,0,0,1,False
Brianbabayao,0,0,0,1,False
Briankeating,0,0,0,1,False
Brianmbunde,0,0,0,1,False
Brianmosoti6,0,0,0,1,False
BroPeterBl71243,0,0,0,1,False
Broadbasedgal,0,0,0,1,False
Brown_niccur,0,0,0,1,False
BuddySpensa,0,0,0,1,False
Buddy_Cooley,0,0,0,1,False
BuildersCK,0,0,0,1,False
Bullet_0_1,0,0,0,1,False
BushmanBenO,0,0,0,1,True
CFC2027,0,0,0,1,False
CFCBen_X,0,0,0,1,False
CHRISMAINGI9,0,0,0,1,False
CWB_Research,0,0,0,1,False
CalebianR,0,0,0,1,False
CalistusManyon1,0,0,0,1,False
Calvin71618740,0,0,0,1,True
Cameljammer,0,0,0,1,False
Canine_World,0,0,0,1,False
Captain_SN7,0,0,0,1,False
CarlBotha2,0,0,0,1,False
CarolSkarlat,0,0,0,1,False
Casandrafaith25,0,0,0,1,False
Ch_ala_za,0,0,0,1,False
ChanzuuKe,0,0,0,1,False
CharityCas56937,0,0,0,1,False
Chessfactor,0,0,0,1,False
ChiefGodlove666,0,0,0,1,False
ChimpCapital007,0,0,0,1,False
Chok3man__,0,0,0,1,False
ChrisBr03460427,0,0,0,1,False
ChrisLynnHedges,0,0,0,1,False
Chris_Mmuriuki,0,0,0,1,False
CindyKarimi1,0,0,0,1,False
CipherVoss,0,0,0,1,False
CkanKing,0,0,0,1,False
Climakheti,0,0,0,1,True
ClintonObonyo,0,0,0,1,False
CoastNewspaper,0,0,0,1,False
CodeMetalai,0,0,0,1,False
Coll_Hoe,0,0,0,1,False
CollinsMakari,0,0,0,1,False
ConfortiRomeu,0,0,0,1,False
ConradKulo,0,0,0,1,False
Considerlater,0,0,0,1,False
ContinuityGK,0,0,0,1,False
CoolkidMike5,0,0,0,1,False
CptHarrisjnr,0,0,0,1,False
CryptoniteK,0,0,0,1,False
Crystaly254,0,0,0,1,False
CyclistlaneKE,0,0,0,1,True
DCI_Kenya,0,0,0,1,False
DCP_Democracy,0,0,0,1,False
DK_Able,0,0,0,1,False
DMainaNdungu,0,0,0,1,False
DSAForg,0,0,0,1,False
DadyJoseph6,0,0,0,1,False
Daguitarprince2,0,0,0,1,False
DailyBanterMeme,0,0,0,1,False
DanKornas,0,0,0,1,False
DanTheZionist,0,0,0,1,False
Dannkasina,0,0,0,1,True
DansonMwashako,0,0,0,1,False
Dante_Detrixx,0,0,0,1,False
Daudinemsis,0,0,0,1,False
DavidGakuo3,0,0,0,1,False
DavidKongo7,0,0,0,1,False
DavisOpiyo38308,0,0,0,1,False
Dawood_Ide,0,0,0,1,False
Dazztrazz1,0,0,0,1,False
DeSantinoh,0,0,0,1,False
De_Cyola,0,0,0,1,False
DefiyantlyFree,0,0,0,1,False
DehMao,0,0,0,1,False
DejaZ00,0,0,0,1,False
Den4oscar,0,0,0,1,False
Denisfxkenya,0,0,0,1,False
DennisS83542841,0,0,0,1,False
DenoRight,0,0,0,1,False
Denzinoh,0,0,0,1,False
Derek99760275,0,0,0,1,False
Dictatorvoice,0,0,0,1,False
DimasikUSDT,0,0,0,1,False
DiocresiD,0,0,0,1,False
DiploBrief,0,0,0,1,False
Disembe,0,0,0,1,False
DismasKiprop16,0,0,0,1,False
DjDjblaq1419069,0,0,0,1,False
Donn_Patriot,0,0,0,1,False
Donn_fulltime,0,0,0,1,False
DoreenNyanjura,0,0,0,1,False
Dr83Kinga,0,0,0,1,False
DrBKhalwale,0,0,0,1,False
DrBakariNgengi,0,0,0,1,False
DrCyrilo,0,0,0,1,False
DrMumbiSeraki,0,0,0,1,False
DrOparanya,0,0,0,1,False
DrSFerHH,0,0,0,1,False
DrWojakMD,0,0,0,1,False
Dr_Buchu,0,0,0,1,False
Dr_Kwach,0,0,0,1,True
Dreugenem,0,0,0,1,False
Duke_Of_Pokot,0,0,0,1,False
DullachaD200,0,0,0,1,False
DuniaSlaveDunia,0,0,0,1,False
E24bollynews,0,0,0,1,False
EAttika,0,0,0,1,False
EDWARDARON11,0,0,0,1,False
EMarichach78521,0,0,0,1,True
ENVTubersOOC,0,0,0,1,False
EOkallo,0,0,0,1,False
EWN_star,0,0,0,1,False
EXOTOTOMAJU2026,0,0,0,1,False
EXOTOTO_88,0,0,0,1,False
Economist254,0,0,0,1,False
EddyIfer14311,0,0,0,1,False
EdwinNatem52799,0,0,0,1,False
EgesaFMKenya,0,0,0,1,False
EkodirJames,0,0,0,1,False
ElPasoScout,0,0,0,1,False
Elaine99848372,0,0,0,1,False
Eliaskaneke,0,0,0,1,False
EllMazayo,0,0,0,1,False
Ellynah_,0,0,0,1,False
ElvisgSavage,0,0,0,1,False
Emilliy_114,0,0,0,1,False
Emmanuelsalenga,0,0,0,1,False
EmpressT_,0,0,0,1,False
Engkabora,0,0,0,1,False
English_snow2,0,0,0,1,False
Equipe_Sky,0,0,0,1,False
ErykEryk119785,0,0,0,1,False
EsabuKen,0,0,0,1,False
EssayAuthors247,0,0,0,1,False
EstherNduku_,0,0,0,1,False
EuniceBarrack2,0,0,0,1,False
Even64875237590,0,0,0,1,False
Extremefelo,0,0,0,1,False
FactNobodyAsked,0,0,0,1,False
FamousCousine,0,0,0,1,False
FarooqKenyan,0,0,0,1,False
FauzKhalid,0,0,0,1,False
Felix551180214,0,0,0,1,False
Fikra_pevu,0,0,0,1,False
Fikriye59,0,0,0,1,False
FitzDawood,0,0,0,1,False
Francis71694410,0,0,0,1,False
Franco14652962,0,0,0,1,True
Frannco__,0,0,0,1,False
FransHggblom,0,0,0,1,False
FredMuitiriri,0,0,0,1,False
FreeDeathTV,0,0,0,1,False
FrontierArt1,0,0,0,1,False
FundamentalLack,0,0,0,1,False
FuryMonicat,0,0,0,1,True
GARCHQuant,0,0,0,1,False
GCan1776,0,0,0,1,False
GHWANKAJHA,0,0,0,1,False
GN_Valkyrie,0,0,0,1,False
Gambi_gaming,0,0,0,1,False
Gammareuz220,0,0,0,1,False
GathogoBMwangi,0,0,0,1,True
Gathumwa,0,0,0,1,False
GathuraSir,0,0,0,1,False
Gee_Muri,0,0,0,1,False
GenXNoFksLeft,0,0,0,1,False
GenZ_of_India_,0,0,0,1,False
GenZoteMovement,0,0,0,1,False
GeoffSm20929737,0,0,0,1,False
GeorgeNyongesa,0,0,0,1,False
Georgeruto001,0,0,0,1,False
Georgeson_,0,0,0,1,False
GhettoRadio895,0,0,0,1,False
Ghettoq53463759,0,0,0,1,False
GibeauEdward,0,0,0,1,False
GichukiWanjuki,0,0,0,1,False
GideonKimaiyo_,0,0,0,1,False
Giga_Hen,0,0,0,1,False
Gili_254,0,0,0,1,False
GitobuImanyara,0,0,0,1,False
GitunduStewee,0,0,0,1,False
GleasonMel652,0,0,0,1,False
GodandCountryy,0,0,0,1,False
GottaBigMouth,0,0,0,1,False
Grandsohn,0,0,0,1,False
GreakKayembe,0,0,0,1,False
Greatnesstde1,0,0,0,1,False
GrieyKing,0,0,0,1,False
Gukawakiambu,0,0,0,1,False
HAKUZWUMUREMYI,0,0,0,1,False
Hafahamiki,0,0,0,1,False
Hafidhi35,0,0,0,1,False
HaggaiYetu,0,0,0,1,False
HakeemNassur,0,0,0,1,True
HallandCoAcc,0,0,0,1,False
HannuVarkoi,0,0,0,1,False
Hapi12334223,0,0,0,1,False
Happiness_297,0,0,0,1,False
Hardtaget1,0,0,0,1,False
HarleyGP11,0,0,0,1,False
HasonMutunzi,0,0,0,1,False
HassanOmarH,0,0,0,1,False
Hekmlik19,0,0,0,1,False
Helsonlih,0,0,0,1,False
Henitch,0,0,0,1,False
HenryOketch96,0,0,0,1,False
Heromanke_,0,0,0,1,False
Hesborn_2020,0,0,0,1,False
HetaKariuki,0,0,0,1,False
HeyJay132987,0,0,0,1,False
Hilla_Cheru,0,0,0,1,False
HillarioHilla,0,0,0,1,False
HinsonSIDAN,0,0,0,1,False
Hitormisssince,0,0,0,1,False
HonAbassKhalif_,0,0,0,1,False
HonKangata,0,0,0,1,False
HonMoses_Kuria,0,0,0,1,False
HonWetangula,0,0,0,1,False
Hon_KibayasiF,0,0,0,1,False
Honeyfarsafi,0,0,0,1,False
HopboySteve,0,0,0,1,False
HopeTV_KE,0,0,0,1,False
Hornerizar,0,0,0,1,False
HumHistories,0,0,0,1,False
HusseinChaka,0,0,0,1,False
HusseinMohamedg,0,0,0,1,False
HusseinVincent2,0,0,0,1,False
IGIHE,0,0,0,1,False
INFLUENCERjr,0,0,0,1,False
I_amIano,0,0,0,1,False
IamBart_,0,0,0,1,False
Iambotkeem,0,0,0,1,False
Iamkendrix,0,0,0,1,True
IanCrittenAcc,0,0,0,1,False
IantoSizla,0,0,0,1,False
IbrahimOmulama,0,0,0,1,False
ImO_scar,0,0,0,1,False
ImanAsoldier,0,0,0,1,False
ImtreeArt,0,0,0,1,False
InteriorKE,0,0,0,1,False
IrinaIlkiw,0,0,0,1,False
IsntHimm,0,0,0,1,False
IsraelJan88661,0,0,0,1,False
Isukhafinest,0,0,0,1,True
ItsDaglas,0,0,0,1,False
ItsGregy_,0,0,0,1,False
ItsMakweei,0,0,0,1,False
ItsMartinChege,0,0,0,1,False
ItsYasin_,0,0,0,1,True
Its_a_dryheat,0,0,0,1,False
Its_kipchumba,0,0,0,1,True
Its_wyckey,0,0,0,1,False
Itsheatherke,0,0,0,1,False
Ivy_nyakie,0,0,0,1,False
JFJustice_Kenya,0,0,0,1,False
JInzoberi81273,0,0,0,1,False
JMic577,0,0,0,1,False
JOHNMUM75059998,0,0,0,1,False
JOHNNYMWANIKI,0,0,0,1,False
JTess84,0,0,0,1,False
Jacob22028699,0,0,0,1,False
Jah_My_Copilot,0,0,0,1,False
Jakongo_10,0,0,0,1,False
JamalRamad50451,0,0,0,1,False
JamesHanse18978,0,0,0,1,False
JamesMu25109750,0,0,0,1,False
Japesa14,0,0,0,1,False
JaphethNamayi,0,0,0,1,False
JayWayre,0,0,0,1,False
JebetKe_,0,0,0,1,False
JeffK4290928045,0,0,0,1,False
JeffMurimi9,0,0,0,1,False
JeffSnider_EDU,0,0,0,1,False
Jeptoo_Jane,0,0,0,1,False
Jerry18839221,0,0,0,1,False
JimiWanjigi,0,0,0,1,False
JnNalyanya,0,0,0,1,False
Joblube4135261,0,0,0,1,False
JoeNjogujoe,0,0,0,1,False
Joegraffity2,0,0,0,1,False
JoelOdwar254,0,0,0,1,True
Joey_Scoundrel,0,0,0,1,False
JohB777,0,0,0,1,False
JohnKwachJeje,0,0,0,1,False
JohnMuna80,0,0,0,1,False
JohnPau23313228,0,0,0,1,False
John_Pambalu,0,0,0,1,False
Jomaguta,0,0,0,1,False
Jonteeh__,0,0,0,1,False
JosephM58778559,0,0,0,1,False
JosephMnyore,0,0,0,1,False
JoshuaBoaz37401,0,0,0,1,False
JoshuaNdeg91985,0,0,0,1,True
JosphOmuya,0,0,0,1,False
JoyceHuru,0,0,0,1,False
JuanTam27,0,0,0,1,False
JuicyBack178726,0,0,0,1,False
JulianGoldieSEO,0,0,0,1,False
JulieMakena_,0,0,0,1,False
JumaAbdukarim,0,0,0,1,False
JumaaMaest6417,0,0,0,1,False
JuneChepkemei,0,0,0,1,False
JustMyDayhaki,0,0,0,1,False
KDominicx64519,0,0,0,1,False
KIMANIICHUNGWAH,0,0,0,1,False
KKCommetary,0,0,0,1,False
KMaybrook,0,0,0,1,False
KOX_Prosecuteur,0,0,0,1,True
KURAroads,0,0,0,1,False
KabansoraKe,0,0,0,1,False
KadideF,0,0,0,1,False
Kadogo551,0,0,0,1,False
Kagame0115,0,0,0,1,False
Kaikainaipaa,0,0,0,1,True
Kajia96,0,0,0,1,False
Kakakuona5G,0,0,0,1,False
Kakiaj337554,0,0,0,1,False
KalleYrjn,0,0,0,1,False
Kamauirumbi,0,0,0,1,False
Kamnyeso,0,0,0,1,False
Kamoste_M,0,0,0,1,False
KamunaYunus,0,0,0,1,False
Kamungah,0,0,0,1,False
KanjaFerdinard,0,0,0,1,False
Kanjefe,0,0,0,1,False
KanuKangara,0,0,0,1,False
Kapyoseiin,0,0,0,1,False
KarisKillian,0,0,0,1,False
Karobo254,0,0,0,1,False
KasoluNjor77108,0,0,0,1,False
KassimKonk,0,0,0,1,False
KathrynWri72309,0,0,0,1,False
KathyWeir,0,0,0,1,False
Katiba254,0,0,0,1,False
KawilaEllen,0,0,0,1,False
KayleFierro,0,0,0,1,False
KeTomahawk,0,0,0,1,False
Kebaso__,0,0,0,1,False
KeefaCom,0,0,0,1,False
KeenTepae,0,0,0,1,False
KelvinWambuj,0,0,0,1,False
Kengura001,0,0,0,1,False
KennethCarnesi,0,0,0,1,False
KenyaNewsCentre,0,0,0,1,False
KenyaRecap,0,0,0,1,False
Kenya_Digest,0,0,0,1,False
KenyanElder,0,0,0,1,False
KenyanFever2,0,0,0,1,False
KenyanNzinga,0,0,0,1,False
KenyanSage,0,0,0,1,True
Kenyan_Deportee,0,0,0,1,False
Kenyan_Sentinel,0,0,0,1,False
KenzoP24,0,0,0,1,False
KeruboStar,0,0,0,1,False
Kev_Muller,0,0,0,1,False
KevinJTaxTruth,0,0,0,1,False
KevinOwuorOuma1,0,0,0,1,False
Kevinod41609085,0,0,0,1,False
KevoKoech9,0,0,0,1,False
Kevo_Gong,0,0,0,1,False
KhuliHalala,0,0,0,1,False
Ki_Ma_Thi_,0,0,0,1,False
KiambuTweep,0,0,0,1,False
KiioLaban5520,0,0,0,1,False
KimaniNguru,0,0,0,1,False
Kimbouemboue,0,0,0,1,False
Kimuzi_,0,0,0,1,False
KingDanteKe,0,0,0,1,False
KingNorman_I,0,0,0,1,False
KingOfMeru,0,0,0,1,False
Kingsley_papa,0,0,0,1,False
Kingsmind254,0,0,0,1,False
Kinyore,0,0,0,1,False
KiongoziKE,0,0,0,1,False
Kipanga1986,0,0,0,1,False
Kipkemoi176,0,0,0,1,False
KipngetichWar,0,0,0,1,False
KipsambuT,0,0,0,1,False
Kirkcasamenorca,0,0,0,1,False
Kirui93,0,0,0,1,False
KisongoJ,0,0,0,1,False
Kmtc_official,0,0,0,1,False
Knoebelbroet,0,0,0,1,False
Kochfinest7,0,0,0,1,False
Koganda_254,0,0,0,1,False
KotLalang,0,0,0,1,False
Krispah45133,0,0,0,1,False
KuluoJosephine,0,0,0,1,False
Kushmapesa,0,0,0,1,False
KutheaM,0,0,0,1,False
Kvaati,0,0,0,1,False
Kybhedd,0,0,0,1,False
KyleSuji,0,0,0,1,False
LLG_lailing18,0,0,0,1,False
LMwongera,0,0,0,1,True
LSandersFields,0,0,0,1,False
Land_Dwellers,0,0,0,1,False
LarrySills18,0,0,0,1,False
LarrySleekKE,0,0,0,1,False
Laurduhlaur,0,0,0,1,False
LawOfficePR,0,0,0,1,False
LeeroyThornhill,0,0,0,1,False
Leftthe_left,0,0,0,1,False
LekishonPu67543,0,0,0,1,False
Lemmy_gitonga28,0,0,0,1,False
LensEmpress,0,0,0,1,False
LeonardOnzere,0,0,0,1,False
LeuyanLepario,0,0,0,1,False
LewiBluz,0,0,0,1,False
Lfc_B_O_N_K,0,0,0,1,False
Lillian89222663,0,0,0,1,False
Lilycahj,0,0,0,1,False
Lindsaykaziga,0,0,0,1,False
Linet_Onyi,0,0,0,1,True
LitsaniChoukran,0,0,0,1,False
Ljcom2033,0,0,0,1,False
LordVarrys,0,0,0,1,False
LuaneTches_,0,0,0,1,False
LungilaJ,0,0,0,1,False
LwanguG,0,0,0,1,False
Lyad9,0,0,0,1,False
LymoohConway,0,0,0,1,False
Lysergicore,0,0,0,1,False
M9188Joan,0,0,0,1,True
MIRKAG_OUTFITS,0,0,0,1,False
MIYAOO1224,0,0,0,1,False
MK47TA,0,0,0,1,False
MaL0ne01,0,0,0,1,False
MaasaiOfficial5,0,0,0,1,False
Macheda__,0,0,0,1,False
MagaMuresa,0,0,0,1,False
MaguiBravi12,0,0,0,1,False
MahanRajesh,0,0,0,1,False
Maingi12345,0,0,0,1,False
MamaWaTaifaSSH,0,0,0,1,False
ManKidu54018,0,0,0,1,False
ManasseMba62968,0,0,0,1,False
Mandereke2027,0,0,0,1,True
ManichNkr2800,0,0,0,1,False
ManyasaAmbrose,0,0,0,1,False
Mapulingi,0,0,0,1,False
Maraga27,0,0,0,1,False
MariahKiny98583,0,0,0,1,False
MarxistUprising,0,0,0,1,False
MaryKKit,0,0,0,1,False
MaryjaneMwanza,0,0,0,1,False
Mash_ariah7,0,0,0,1,False
MashaGeorge12,0,0,0,1,False
Masika_16,0,0,0,1,False
MasseyRalson,0,0,0,1,True
MataoMebakari,0,0,0,1,False
MatineReality,0,0,0,1,False
MatthewLauseng,0,0,0,1,False
MauvinasLP,0,0,0,1,False
MayianFM,0,0,0,1,False
Maziku_Andrew1,0,0,0,1,False
McCainTumaini,0,0,0,1,False
McGloneWard,0,0,0,1,False
McMwiti,0,0,0,1,False
McRafell,0,0,0,1,False
MdRussell499021,0,0,0,1,False
MelKShow,0,0,0,1,False
MeltingInMarana,0,0,0,1,False
Melzbest,0,0,0,1,False
MerciGeeh,0,0,0,1,False
MguuKwaMguu2025,0,0,0,1,False
MhandyGeniuz,0,0,0,1,False
MhideyT20580,0,0,0,1,False
Michael17278956,0,0,0,1,False
MichaelGannotti,0,0,0,1,False
MichaelKin89420,0,0,0,1,False
MichaelOrsburn,0,0,0,1,False
Michaelwanjerii,0,0,0,1,False
Micubu7th,0,0,0,1,False
MigunaMiguna,0,0,0,1,False
Mijeledi,0,0,0,1,False
MikeLongTerm,0,0,0,1,False
Mikumifinest,0,0,0,1,False
MillarayCee,0,0,0,1,False
MiriamMkanaka,0,0,0,1,False
MisLelgo_,0,0,0,1,False
MisanyaVal,0,0,0,1,False
MissAyla01,0,0,0,1,False
MissJache,0,0,0,1,False
MissJulesW,0,0,0,1,False
Misspreety17,0,0,0,1,False
Mista_254,0,0,0,1,False
Mistri_Ke,0,0,0,1,False
Mitchel001M,0,0,0,1,False
MithunSaid,0,0,0,1,False
Mkakawapwani,0,0,0,1,False
MkulimaKante,0,0,0,1,False
Mkuu_The_Great,0,0,0,1,False
Mkuuwarussia,0,0,0,1,False
Mo6413884379791,0,0,0,1,False
MonacoMacro,0,0,0,1,False
Mongi2026,0,0,0,1,False
Moon_Moose_NFT,0,0,0,1,False
Morphine30625,0,0,0,1,False
Morwani_,0,0,0,1,False
MoseNyagah,0,0,0,1,False
MosesK_1,0,0,0,1,False
MosesMbuguaT,0,0,0,1,False
Mothoni_,0,0,0,1,False
Motion_D11,0,0,0,1,False
Motiryot_,0,0,0,1,False
Mpa_lestine,0,0,0,1,False
MpingaN8675,0,0,0,1,False
MrBeny_eth,0,0,0,1,False
MrPatzS2,0,0,0,1,False
Mr_EMannuel,0,0,0,1,False
Mr_Googz,0,0,0,1,False
Mrs_arubansi,0,0,0,1,False
MsBeeIam,0,0,0,1,False
Mshonaviatu,0,0,0,1,False
MsigwaMpenda,0,0,0,1,False
MtanzaniaNamba1,0,0,0,1,False
Mtetezi_chadema,0,0,0,1,False
MuchiriFrank,0,0,0,1,False
MudimbiThierry,0,0,0,1,False
MugeraVincent,0,0,0,1,False
MugohWanjah,0,0,0,1,False
Mullin1T,0,0,0,1,False
MunYeahOh,0,0,0,1,False
Munchkin1314,0,0,0,1,False
MungeBM,0,0,0,1,False
Muoki_1,0,0,0,1,False
Murig4832Murigi,0,0,0,1,False
Murume2580,0,0,0,1,False
MuthomiMar86822,0,0,0,1,False
Muthonikate1,0,0,0,1,False
MutieMumo177902,0,0,0,1,False
MutumaoNkanata,0,0,0,1,False
MuyaSaysIt,0,0,0,1,False
Mwadime_G,0,0,0,1,False
Mwalandi1,0,0,0,1,False
MwandawaJimmie,0,0,0,1,False
MwangiMNgunjiri,0,0,0,1,False
MwanzoTvPlus,0,0,0,1,False
Mwarubainii,0,0,0,1,False
MwauraRobert2,0,0,0,1,False
MyNeo01,0,0,0,1,False
MykeBush1,0,0,0,1,False
MyleyCyrus3,0,0,0,1,False
Mzalendo1_,0,0,0,1,False
MzalendoWatch,0,0,0,1,False
NESaavy9970,0,0,0,1,False
NJENJE_255,0,0,0,1,False
NKikala41540,0,0,0,1,False
NNgabu_,0,0,0,1,False
NaekuMercy,0,0,0,1,False
NahasonNash,0,0,0,1,False
NaikulNchoe,0,0,0,1,True
NajibAhmed24,0,0,0,1,False
NampSmart,0,0,0,1,False
NamuAmitabutzu,0,0,0,1,False
NatashahKE,0,0,0,1,False
Nduati171,0,0,0,1,False
Network_Guy8,0,0,0,1,False
NewsTurkana,0,0,0,1,False
Ngongshire,0,0,0,1,False
Nguchezkennedy,0,0,0,1,False
NijiHika,0,0,0,1,False
NimuKiarie,0,0,0,1,False
NinioPlanta,0,0,0,1,False
NjeriMuchina2,0,0,0,1,False
NjeruNjeruh,0,0,0,1,False
NjimuKaiya,0,0,0,1,False
NjorogeMwalimu,0,0,0,1,False
Njuguna84N,0,0,0,1,False
NnamdiHQ_,0,0,0,1,True
NoAmWar,0,0,0,1,False
NoCountryHere,0,0,0,1,False
NollyAmos,0,0,0,1,False
Ntalebrian22,0,0,0,1,False
Ntavanike,0,0,0,1,False
Nyaga_9,0,0,0,1,False
Nyataya,0,0,0,1,False
Nyirindekw85791,0,0,0,1,False
Nyla_Juma,0,0,0,1,False
OGWke,0,0,0,1,False
OGlewiski,0,0,0,1,True
ObinnaWaGikomba,0,0,0,1,False
OchollahOliver,0,0,0,1,False
Official_ElBike,0,0,0,1,False
Officielsajah,0,0,0,1,False
Okiieli_,0,0,0,1,False
Okthai_26,0,0,0,1,False
Ole_dume1,0,0,0,1,False
Olila738672,0,0,0,1,False
Omary_Mtambo,0,0,0,1,False
OmoshDicky,0,0,0,1,False
Omukama2030,0,0,0,1,False
Oneko582203,0,0,0,1,False
OnemusicF,0,0,0,1,False
Only1Kentone,0,0,0,1,False
OnlyTheBrave861,0,0,0,1,False
Orina_Kelvin1,0,0,0,1,False
OrochoJakojwaya,0,0,0,1,True
Osama254_,0,0,0,1,False
OumaOscar,0,0,0,1,False
Owhiskey,0,0,0,1,False
Oziko_Jo,0,0,0,1,False
PEAIKenya,0,0,0,1,False
PETERMAYA027,0,0,0,1,False
PLayboiSamusi,0,0,0,1,False
PabloAbrazo_,0,0,0,1,False
PaleFlowermco,0,0,0,1,False
PamelaAngweye,0,0,0,1,False
PapiiKhan98,0,0,0,1,False
Papito_120,0,0,0,1,False
ParassisO,0,0,0,1,False
ParkheadWolfe,0,0,0,1,False
Parryandparry,0,0,0,1,False
Parthenon1,0,0,0,1,False
Patonement1,0,0,0,1,False
PatrickMwa50002,0,0,0,1,False
PatriotBelleMs,0,0,0,1,False
PatriotMr254,0,0,0,1,False
Patzigzagzig,0,0,0,1,False
Peacemakerproje,0,0,0,1,False
PeacockAcc,0,0,0,1,False
PekkaHolop62868,0,0,0,1,False
PeratoN_Senior,0,0,0,1,False
PeregrinePulp,0,0,0,1,False
PeterBergmann_,0,0,0,1,True
PeterBiggy,0,0,0,1,False
PeterDafi,0,0,0,1,False
PeterReagan777,0,0,0,1,False
Phantom94189790,0,0,0,1,False
PhillKimathi,0,0,0,1,False
Philosophe45141,0,0,0,1,False
Pinchez_mp,0,0,0,1,False
PiusReche02,0,0,0,1,False
PolFabrice,0,0,0,1,False
Politico_affair,0,0,0,1,False
PolycarpMDM,0,0,0,1,False
PolycarpRoyal,0,0,0,1,False
PowerisTransit,0,0,0,1,False
PresidentAbou,0,0,0,1,False
Primejamoko,0,0,0,1,False
Proper_Memes,0,0,0,1,False
Prospecttrade,0,0,0,1,False
Proudgoy718,0,0,0,1,False
PsbAccountants,0,0,0,1,False
PsychoYv,0,0,0,1,False
PundaReloaded,0,0,0,1,False
RLAccountancy,0,0,0,1,False
RM_karani,0,0,0,1,False
RMinjben,0,0,0,1,False
RMuchisa,0,0,0,1,False
RODRICKSOTIENO1,0,0,0,1,False
RabbitSead10486,0,0,0,1,False
RadioTaifaFM,0,0,0,1,False
RaelSuter30803,0,0,0,1,False
Rahma_Simba,0,0,0,1,False
RailaOdinga,0,0,0,1,False
RamaMlyomi,0,0,0,1,False
Ranger22421,0,0,0,1,False
RashdaZunde,0,0,0,1,False
RashidiHam72917,0,0,0,1,False
RaveCozensHardy,0,0,0,1,False
RayLaFleur27,0,0,0,1,False
RealJouma,0,0,0,1,False
RealKeatonHobby,0,0,0,1,False
RealMacmaster14,0,0,0,1,False
RealMatiangi,0,0,0,1,False
Realge0rge,0,0,0,1,True
ReganTesla_,0,0,0,1,False
Reggaewailer,0,0,0,1,False
RenaissanceDam,0,0,0,1,False
Retweet_tablike,0,0,0,1,True
RichardKCollin2,0,0,0,1,False
RichieB55uk,0,0,0,1,False
RickelKendra,0,0,0,1,False
RickxxM14900,0,0,0,1,False
RobLee562204,0,0,0,1,False
RobaPatanisho,0,0,0,1,False
Roble_004,0,0,0,1,False
RocklandGasaway,0,0,0,1,False
RodgersKipembe,0,0,0,1,False
Rodgie_,0,0,0,1,False
RogueOle,0,0,0,1,False
RolexRono,0,0,0,1,False
Roma_Mkatoliki,0,0,0,1,False
RonnyReagan10,0,0,0,1,False
RonyoOleSakau,0,0,0,1,False
Roogdoog1,0,0,0,1,False
Royaltv_plus,0,0,0,1,False
RufasKe,0,0,0,1,False
RufusMaore,0,0,0,1,False
RusingaMan,0,0,0,1,False
Rwoti_KE,0,0,0,1,False
Ryan_Heltemes,0,0,0,1,False
SDale1965,0,0,0,1,False
SMudekhere,0,0,0,1,False
SNCAccountants,0,0,0,1,False
SStarmeroid,0,0,0,1,True
Saba98659512150,0,0,0,1,False
Salim8James,0,0,0,1,True
Salim_Jayz,0,0,0,1,False
SalimuIbwe,0,0,0,1,False
SaltSanctuaryFL,0,0,0,1,False
SamiAmbetsa,0,0,0,1,False
Samk372,0,0,0,1,True
Sammy79418,0,0,0,1,False
Samuel47577643,0,0,0,1,False
SaraKe_biya,0,0,0,1,False
Sarahxk6r,0,0,0,1,False
SataroAbdi,0,0,0,1,False
SawereValerian,0,0,0,1,False
SentinelDir,0,0,0,1,False
SextyCo,0,0,0,1,False
SeyMonicah,0,0,0,1,False
SgeventTickets,0,0,0,1,False
Shadrack26k,0,0,0,1,False
ShamashAran,0,0,0,1,False
Sharb84,0,0,0,1,False
ShemNyakun99836,0,0,0,1,False
Sherryl94695831,0,0,0,1,False
ShimakaJr,0,0,0,1,False
Shivbeerbjp,0,0,0,1,False
ShoShoo97574,0,0,0,1,False
ShockValueXX,0,0,0,1,False
Shockwave_yv,0,0,0,1,False
ShowTimePromoUg,0,0,0,1,False
SiasaLab,0,0,0,1,False
SifunaParody,0,0,0,1,True
Sila_Ngunjiri,0,0,0,1,False
SimayaJonah,0,0,0,1,False
SimolaAlfred,0,0,0,1,False
Simon7Njoroge,0,0,0,1,False
Simply4Truth_,0,0,0,1,False
Simplywairimu,0,0,0,1,False
SineiRyan,0,0,0,1,False
SirKibocha,0,0,0,1,False
Sirfrankhub,0,0,0,1,False
SizzlaKol,0,0,0,1,False
SkunKINGJOHN,0,0,0,1,True
SnitskiJ,0,0,0,1,False
SnowFudd,0,0,0,1,False
SodaBoflo,0,0,0,1,False
SokoAnalyst,0,0,0,1,False
Somhiseremfcb,0,0,0,1,False
SonOfKurgat,0,0,0,1,False
Son_of_Laikipia,0,0,0,1,False
Songoks50,0,0,0,1,False
SospetrStephen,0,0,0,1,False
Souljahjnr7,0,0,0,1,False
Spark_Jamal,0,0,0,1,False
SpartanX_Ray,0,0,0,1,False
Sperratto_,0,0,0,1,False
Spliff_dj_joe,0,0,0,1,False
SpokespersonGoK,0,0,0,1,False
SportlahK,0,0,0,1,False
SportsPoliticsX,0,0,0,1,False
Spyrokis,0,0,0,1,False
Squmamaeej3,0,0,0,1,False
Stacy_cherono7,0,0,0,1,True
Stanley15051909,0,0,0,1,False
Stans_kandiko,0,0,0,1,False
StarboyKE_,0,0,0,1,True
StephenWakarera,0,0,0,1,False
StewartPtnrs,0,0,0,1,False
StoneSaphia,0,0,0,1,False
StreetsAcc,0,0,0,1,False
Suksombnn66,0,0,0,1,False
SultanAggrey,0,0,0,1,False
Sun_tz_u20sj,0,0,0,1,False
Sungu_Oyoo,0,0,0,1,False
Sunseteaststqf,0,0,0,1,False
SuperMDen,0,0,0,1,False
SuperSkylord,0,0,0,1,False
SuphianJuma,0,0,0,1,False
SwaFaruk,0,0,0,1,True
TFastnedge,0,0,0,1,False
TMunyili,0,0,0,1,False
TaahTana,0,0,0,1,False
TafariPala41225,0,0,0,1,False
Tahseen10577313,0,0,0,1,False
Talkless_much,0,0,0,1,False
TanzaniaLeaks,0,0,0,1,False
Tatizotatizo,0,0,0,1,False
Tavaz_o1,0,0,0,1,False
TaxAntics,0,0,0,1,False
TeamRao2022,0,0,0,1,False
TearleCarver,0,0,0,1,False
TeyaKevin,0,0,0,1,False
Tezzvert2,0,0,0,1,False
The1Truth10,0,0,0,1,False
TheBreachPlh234,0,0,0,1,False
TheBugleDaily1,0,0,0,1,False
TheButchConz,0,0,0,1,False
TheChanzo,0,0,0,1,False
TheCurrentPK,0,0,0,1,False
TheDon88855,0,0,0,1,False
TheHoleTweet,0,0,0,1,False
TheKenyaPundit,0,0,0,1,False
TheKevinBett,0,0,0,1,False
TheLegalMwaki,0,0,0,1,False
TheLonelyTrade1,0,0,0,1,False
TheNonio254,0,0,0,1,True
TheNorthHermit,0,0,0,1,False
TheODMparty,0,0,0,1,False
TheRicanMemes,0,0,0,1,False
TheSamJay1,0,0,0,1,False
TheStefanMambo,0,0,0,1,False
TheValueist,0,0,0,1,False
TheZvi,0,0,0,1,False
The_Vlux,0,0,0,1,False
TheePitcher1,0,0,0,1,False
Thee_mavERIC,0,0,0,1,False
Thii_Mayor,0,0,0,1,False
Thirsty_Bandits,0,0,0,1,False
ThisKinuthia,0,0,0,1,False
ThomElph,0,0,0,1,False
Thomaschacha254,0,0,0,1,False
Thommunkondya,0,0,0,1,False
TibetInbuilt,0,0,0,1,False
TimoValto,0,0,0,1,False
Todoenrepud10,0,0,0,1,False
TogeoffH,0,0,0,1,False
Tonie2179,0,0,0,1,False
TonnyAdamms,0,0,0,1,False
TonnyUnfiltered,0,0,0,1,False
Topboybrabus,0,0,0,1,False
TosuwaPaul,0,0,0,1,False
Total_dadoic,0,0,0,1,False
TrackAIPAC,0,0,0,1,False
Traviss789,0,0,0,1,True
TreavorEnglish,0,0,0,1,False
Trendhub254,0,0,0,1,False
Trendspowers,0,0,0,1,False
TroyOnyango,0,0,0,1,False
TrueBornSinner,0,0,0,1,True
TrumpDailyPosts,0,0,0,1,False
Try22451995,0,0,0,1,False
TuomasTumi,0,0,0,1,False
Twashelilly,0,0,0,1,False
Tweetsbymunene,0,0,0,1,False
Tyla_sa1,0,0,0,1,False
TzGiza,0,0,0,1,False
UGHistory256,0,0,0,1,False
UGMParty,0,0,0,1,False
UKFreedomCamp,0,0,0,1,False
URtheirProduct,0,0,0,1,False
UgKafunda,0,0,0,1,False
UmojaUhuru_,0,0,0,1,False
UnchartedKenya,0,0,0,1,False
VICTORNYAN77889,0,0,0,1,False
VSawene,0,0,0,1,False
Valentino_7504,0,0,0,1,False
Valley71214624,0,0,0,1,True
VanchieriJr,0,0,0,1,False
VektorError,0,0,0,1,False
Vhakhonimajor,0,0,0,1,False
VicMajumson,0,0,0,1,False
ViceGan04647446,0,0,0,1,False
VictorB7012,0,0,0,1,False
ViewsofMM22,0,0,0,1,False
Villemaka,0,0,0,1,False
VinceErrands,0,0,0,1,False
Vinnybo93775422,0,0,0,1,False
Vtosh91,0,0,0,1,False
VuukaFM,0,0,0,1,False
WaNduta8,0,0,0,1,False
Wairebob,0,0,0,1,False
Wakabando,0,0,0,1,False
WalterMutethia,0,0,0,1,False
WalterSzym72567,0,0,0,1,False
Walter_Wright,0,0,0,1,False
WamugundaG,0,0,0,1,False
Wangemke,0,0,0,1,False
WanjiruKimani9,0,0,0,1,False
WantamIsBonkers,0,0,0,1,False
WarStatecraft,0,0,0,1,False
WashikaKen,0,0,0,1,False
WaswalaBrian,0,0,0,1,False
Waziri_Mvurya,0,0,0,1,False
Weeleey6,0,0,0,1,False
WeeloWillis,0,0,0,1,False
WeruTV,0,0,0,1,False
Wesleymsafii,0,0,0,1,False
WhiteHouse,0,0,0,1,False
WhitelabelscomX,0,0,0,1,False
William06638632,0,0,0,1,False
WilmaQT6826,0,0,0,1,False
WindrushBusines,0,0,0,1,False
WirralAccount1,0,0,0,1,False
Wiyathi_Muturi,0,0,0,1,False
Woah_Vickyy,0,0,0,1,False
Wstrn_creme,0,0,0,1,True
WuodAbilla,0,0,0,1,True
Xeraux,0,0,0,1,False
YBSMpartners,0,0,0,1,False
YKombora,0,0,0,1,True
YaGal_Eunndrio,0,0,0,1,False
Yayadola0,0,0,0,1,False
YerickoNyerereT,0,0,0,1,False
YisaaNympha,0,0,0,1,False
YourAnonCentral,0,0,0,1,False
YuAreMyPaps,0,0,0,1,False
Yussih_,0,0,0,1,True
YusufAbu21,0,0,0,1,False
Yvonne5Cherono,0,0,0,1,True
ZBXu7,0,0,0,1,False
ZMwinchum87519,0,0,0,1,False
ZacEnya,0,0,0,1,False
ZakxMutugi,0,0,0,1,False
Zephrteve,0,0,0,1,False
ZilchCenturo,0,0,0,1,False
Zindzi_K,0,0,0,1,False
ZingerBob,0,0,0,1,False
Zippy254K,0,0,0,1,False
ZueMiriam,0,0,0,1,False
_Aminga,0,0,0,1,False
_BlackMzungu,0,0,0,1,False
_Jaredad,0,0,0,1,True
_KiiluC,0,0,0,1,False
_Kylaxx,0,0,0,1,False
_NearCrypto_,0,0,0,1,False
_PhyscoSins,0,0,0,1,False
_Realantidote,0,0,0,1,False
_Sansee_,0,0,0,1,False
_TsPaige,0,0,0,1,False
__mtskid,0,0,0,1,False
_helady_,0,0,0,1,False
_iam_dan_,0,0,0,1,False
_its_fred,0,0,0,1,False
_leilape,0,0,0,1,False
_marcellll,0,0,0,1,False
_marebe,0,0,0,1,False
_mbithee,0,0,0,1,False
_mungai23_,0,0,0,1,True
_mwikah_,0,0,0,1,False
_ogalaw,0,0,0,1,False
_tonygrand,0,0,0,1,False
_zoey_y,0,0,0,1,False
abukoabuko20,0,0,0,1,False
abusumayyah_o,0,0,0,1,False
abuuaqram,0,0,0,1,False
acadofideas,0,0,0,1,False
adashcollo,0,0,0,1,False
advabner,0,0,0,1,False
afcmerino9,0,0,0,1,False
akbarhamza563,0,0,0,1,False
alex_ronoh,0,0,0,1,False
alexandermbugu9,0,0,0,1,False
alexi_wandaho,0,0,0,1,False
alfredarapketer,0,0,0,1,False
alicoz4u,0,0,0,1,False
allyjay02,0,0,0,1,False
amalichaKE,0,0,0,1,False
amawailer68,0,0,0,1,False
amenya_nelson,0,0,0,1,False
amina_hafidh,0,0,0,1,False
amuse,0,0,0,1,False
amusmartz,0,0,0,1,False
andrew_lilico,0,0,0,1,False
andrewbsmyth,0,0,0,1,False
annemugisha65,0,0,0,1,False
annenjo30365272,0,0,0,1,False
annenyanyua,0,0,0,1,True
antokaburu,0,0,0,1,False
araapterigin,0,0,0,1,True
arap_siele7,0,0,0,1,False
arn07_x,0,0,0,1,False
arnold_sam94430,0,0,0,1,False
assengajrr,0,0,0,1,False
babake_ke,0,0,0,1,False
bakhita_esther,0,0,0,1,False
balaclavadom,0,0,0,1,False
baldwin_imbugwa,0,0,0,1,True
bamaxine30,0,0,0,1,False
bamriu,0,0,0,1,False
baraka_dinno,0,0,0,1,False
barakawamb,0,0,0,1,False
baroswahjr,0,0,0,1,False
bassincad,0,0,0,1,False
battaloz16,0,0,0,1,False
bbstvug,0,0,0,1,False
beatlejuic3d,0,0,0,1,False
beckysay2020,0,0,0,1,False
beehive254,0,0,0,1,False
befile_luyanda,0,0,0,1,False
benmwendwa_254,0,0,0,1,False
berrytobbie,0,0,0,1,False
bevalynekwambo3,0,0,0,1,False
biafranvanguard,0,0,0,1,False
bigotz001,0,0,0,1,False
billwilliam206,0,0,0,1,True
bivins1,0,0,0,1,False
biznakenya,0,0,0,1,False
blank_kot,0,0,0,1,False
blessedkodojnr,0,0,0,1,False
blink_solutions,0,0,0,1,False
bm30smersh,0,0,0,1,False
boazmingo_7,0,0,0,1,False
bob_malli_,0,0,0,1,False
bonifacejoseph_,0,0,0,1,False
bonnie_kanja,0,0,0,1,False
bonniemworia77,0,0,0,1,True
bonsoul_ke,0,0,0,1,False
boor_dile,0,0,0,1,False
bosire_jus40211,0,0,0,1,True
britflowz,0,0,0,1,False
brownluhya,0,0,0,1,False
bsong_HR,0,0,0,1,False
btcEstatePlans,0,0,0,1,False
bungoma_13,0,0,0,1,True
bwaya,0,0,0,1,False
byron_opondo,0,0,0,1,False
bzjakal,0,0,0,1,False
c494868,0,0,0,1,False
c_Pfieffer,0,0,0,1,False
calnative26,0,0,0,1,False
calpaul001,0,0,0,1,False
carlos_wachira,0,0,0,1,False
cartwright74366,0,0,0,1,False
chadema_NorthEU,0,0,0,1,False
chaikneese,0,0,0,1,False
charity_johhs,0,0,0,1,False
charlesmbindyo7,0,0,0,1,False
chebii_joan,0,0,0,1,False
cheruiyotbonif1,0,0,0,1,False
chich00___,0,0,0,1,False
chin_o47,0,0,0,1,False
chips_87,0,0,0,1,False
chrisGikono,0,0,0,1,False
chris_robb1,0,0,0,1,False
chrismwairura,0,0,0,1,False
christonshia1,0,0,0,1,False
citymirrorKE,0,0,0,1,False
citynews254,0,0,0,1,False
claudiowangu,0,0,0,1,True
cleme74076,0,0,0,1,False
cleophamose,0,0,0,1,True
cletucchi_08,0,0,0,1,False
cliffhamisi1,0,0,0,1,False
codexKeba,0,0,0,1,False
cool_Brezee,0,0,0,1,False
coronel41469,0,0,0,1,False
cptMorgan36,0,0,0,1,False
creativethegret,0,0,0,1,False
crimebuster778,0,0,0,1,False
curtis_samwel,0,0,0,1,False
cw_pedro,0,0,0,1,False
d4drug_addict,0,0,0,1,False
dakello,0,0,0,1,False
daktariwasiasa,0,0,0,1,False
dapiekwapiti,0,0,0,1,False
daudi_maembe,0,0,0,1,False
davidclement,0,0,0,1,False
davidjumbi,0,0,0,1,False
davido_BSc,0,0,0,1,False
davimasinde,0,0,0,1,False
davincimw,0,0,0,1,False
davine_oku52760,0,0,0,1,True
daxtonbrown,0,0,0,1,False
ddball67,0,0,0,1,False
ddembe,0,0,0,1,False
deexon_,0,0,0,1,False
dekim_Kalvino,0,0,0,1,False
delmoh_k,0,0,0,1,False
democracy_watu,0,0,0,1,False
denismuthee99,0,0,0,1,True
dennismwangi22,0,0,0,1,False
deozin1,0,0,0,1,False
depedrodeniss,0,0,0,1,False
dickychama,0,0,0,1,False
djsyktexx254,0,0,0,1,False
dkmaraga,0,0,0,1,False
dkobaye,0,0,0,1,False
dondekojo,0,0,0,1,False
douglasnjorog16,0,0,0,1,True
drew_ponder,0,0,0,1,False
dzekoshsy,0,0,0,1,False
eLY_SIUM1,0,0,0,1,False
eastafrican001,0,0,0,1,False
eastersins,0,0,0,1,False
edgarsdzerins,0,0,0,1,False
edgarwabwire_,0,0,0,1,False
editxshub,0,0,0,1,False
eldoraglobal,0,0,0,1,False
ellpiejohn,0,0,0,1,False
ellystephen9,0,0,0,1,False
emmanue43802982,0,0,0,1,False
emmanuelabi_,0,0,0,1,False
engina_jc,0,0,0,1,False
enockot87483809,0,0,0,1,False
entropyhertz,0,0,0,1,False
ephy_young254,0,0,0,1,False
erephatogx4,0,0,0,1,False
ericomondi_,0,0,0,1,False
ericosiu,0,0,0,1,False
errinoconnor,0,0,0,1,False
escritosrame,0,0,0,1,False
ezra_mollel,0,0,0,1,False
faith16600,0,0,0,1,False
fbuyobe,0,0,0,1,False
fdcontre1958,0,0,0,1,False
femcdanielauth,0,0,0,1,False
firecircular,0,0,0,1,False
firedcoachespod,0,0,0,1,False
firstbornface,0,0,0,1,False
flashfmrw,0,0,0,1,False
floweredog,0,0,0,1,False
foodmatters_ke,0,0,0,1,False
francis99Mwangi,0,0,0,1,False
fredjnx_,0,0,0,1,False
fredkavishe,0,0,0,1,False
fullslopenginee,0,0,0,1,False
fundz_large,0,0,0,1,False
gabrieloguda,0,0,0,1,False
gary_hensel,0,0,0,1,False
gate_tmn,0,0,0,1,False
general6ngui,0,0,0,1,False
generali_osumo,0,0,0,1,False
generastores,0,0,0,1,False
genious_kev,0,0,0,1,False
george_manyali,0,0,0,1,False
georgeoketch12,0,0,0,1,False
georgiadise,0,0,0,1,False
gerainted,0,0,0,1,False
gg_ihy,0,0,0,1,False
gideonkungboy,0,0,0,1,False
gilbertkemo,0,0,0,1,False
gironiy,0,0,0,1,False
gisairon,0,0,0,1,False
gitmose,0,0,0,1,False
giton35846,0,0,0,1,False
gituriti,0,0,0,1,False
gjtn1234,0,0,0,1,False
gk_ruku,0,0,0,1,False
goattiiii,0,0,0,1,False
godfrey_golova,0,0,0,1,True
goodmboya,0,0,0,1,False
gorilla202020,0,0,0,1,False
grad3361,0,0,0,1,False
grandpamuthoni,0,0,0,1,False
gregalmonte_,0,0,0,1,False
griffin_murumba,0,0,0,1,False
grlighton,0,0,0,1,False
groktweep,0,0,0,1,False
grray_k,0,0,0,1,False
guunzee,0,0,0,1,False
gwamaee,0,0,0,1,True
hampelkt,0,0,0,1,False
hamzaalbhanj,0,0,0,1,False
hannymuchiz,0,0,0,1,False
hayatsasirtiir,0,0,0,1,False
hellene_otieno,0,0,0,1,False
hentoy_gossip,0,0,0,1,False
hermexinvesting,0,0,0,1,False
hitilafu_domi,0,0,0,1,False
hohehae_2,0,0,0,1,False
hudumaManda,0,0,0,1,False
hunchosmile,0,0,0,1,False
husseinkhamala,0,0,0,1,False
hussenmvomvo,0,0,0,1,False
hvns1msnger,0,0,0,1,False
iam_rajabu,0,0,0,1,False
iamblinder18,0,0,0,1,False
iamdeidei_05,0,0,0,1,False
ian064630,0,0,0,1,False
ian_kimaru,0,0,0,1,True
iano504,0,0,0,1,False
iembot_sjt,0,0,0,1,False
iembot_tx,0,0,0,1,False
illosokuan,0,0,0,1,False
imaaJr01,0,0,0,1,False
imduckymex,0,0,0,1,False
impact_kenya,0,0,0,1,False
indemosz,0,0,0,1,False
infamouspapi_,0,0,0,1,False
infinitystone98,0,0,0,1,False
inooroke,0,0,0,1,False
inoorotv,0,0,0,1,False
introvert1703,0,0,0,1,False
iqbal_azizpour,0,0,0,1,False
irene_chep00,0,0,0,1,False
irunguhoughton,0,0,0,1,False
itsKikuyus,0,0,0,1,True
itsMJ_Ke,0,0,0,1,False
itsOwor,0,0,0,1,False
itsRhettFoster,0,0,0,1,False
its_Nyerere,0,0,0,1,False
its_meek__,0,0,0,1,False
its_nf1,0,0,0,1,False
its_obel,0,0,0,1,False
itsurboyhass,0,0,0,1,False
ivan_8848,0,0,0,1,False
izoh37,0,0,0,1,False
izooh1216,0,0,0,1,False
jacksongit55676,0,0,0,1,False
jacksonleonne,0,0,0,1,False
jaibharat2909,0,0,0,1,False
jamesksowerby,0,0,0,1,False
jamesmwangi59,0,0,0,1,False
jamukolwe,0,0,0,1,False
janeoduor10,0,0,0,1,False
janet_oj,0,0,0,1,False
jennie88773664,0,0,0,1,False
jennie_wwt,0,0,0,1,False
jimicee457679,0,0,0,1,False
jnjauu,0,0,0,1,False
joe0603,0,0,0,1,False
joeselasini,0,0,0,1,False
joeylknight,0,0,0,1,False
joharicentral,0,0,0,1,False
johnpau10227488,0,0,0,1,False
johnramseymallo,0,0,0,1,False
johnteka1,0,0,0,1,False
jon_vyse,0,0,0,1,False
joncaleaf1,0,0,0,1,True
jonmwangidon,0,0,0,1,False
jontos00,0,0,0,1,False
joshtonny2,0,0,0,1,False
jozeecjc,0,0,0,1,False
jpumlaw,0,0,0,1,False
junurmi,0,0,0,1,False
justaluckyfool,0,0,0,1,False
jwaikenya,0,0,0,1,False
kaarajim,0,0,0,1,False
kafangii,0,0,0,1,False
kahumble22,0,0,0,1,False
kakkoifly,0,0,0,1,False
kameme101,0,0,0,1,False
kamudugachori,0,0,0,1,False
kamwigu57,0,0,0,1,False
karim_yaqub,0,0,0,1,False
kariukimwas,0,0,0,1,False
karoki_yuri,0,0,0,1,False
kaseraval,0,0,0,1,False
kasimoh_Ke,0,0,0,1,False
kayadolf,0,0,0,1,False
kbyator,0,0,0,1,False
keah_ke1,0,0,0,1,False
keera_jnr,0,0,0,1,True
kekadoodledoo,0,0,0,1,False
ken_mwanik,0,0,0,1,False
kenaplics1,0,0,0,1,False
kennedy_jemo,0,0,0,1,False
kenya_malk4747,0,0,0,1,False
kenyagossips,0,0,0,1,False
kenyan_coldspot,0,0,0,1,True
kevinjohnston01,0,0,0,1,False
khatibumussas,0,0,0,1,False
khendofm_kenya,0,0,0,1,False
khushbookadri,0,0,0,1,False
khwaka11,0,0,0,1,False
kibeandy,0,0,0,1,False
kickportugues,0,0,0,1,False
kighera50,0,0,0,1,False
kigiripaul,0,0,0,1,False
kigogo2014,0,0,0,1,False
kigothor,0,0,0,1,False
kimBOVILLE,0,0,0,1,False
kimReuben7,0,0,0,1,False
kimaniii___,0,0,0,1,False
kimtai____,0,0,0,1,False
kingkingtompipo,0,0,0,1,False
kingmamba01,0,0,0,1,False
kingtrillackman,0,0,0,1,False
kinuthiamwang10,0,0,0,1,False
kioko_the,0,0,0,1,False
kipofuwanairobi,0,0,0,1,False
kipropnetizen,0,0,0,1,False
kitui_1,0,0,0,1,False
kjayson_,0,0,0,1,False
klarkkent_,0,0,0,1,False
koechgili12_,0,0,0,1,False
kolloo254,0,0,0,1,True
konshens_o48186,0,0,0,1,False
koskenrannall,0,0,0,1,False
krizzohkairosh,0,0,0,1,False
kuringechadema,0,0,0,1,False
kurunzi_news,0,0,0,1,False
kutv_kenya,0,0,0,1,False
kuwamocho_,0,0,0,1,False
kvnkev2,0,0,0,1,False
kwaheshima,0,0,0,1,False
kyle111kyle111,0,0,0,1,True
kylelviskimani,0,0,0,1,True
lans_cmt,0,0,0,1,False
lasvegaslew,0,0,0,1,False
lc_africa,0,0,0,1,False
lconstateur,0,0,0,1,False
le_quin201,0,0,0,1,False
learning_ke,0,0,0,1,False
legitson_1,0,0,0,1,False
letekipunguu,0,0,0,1,False
lexymesh254,0,0,0,1,False
licious_tz,0,0,0,1,False
lihamboasiligwa,0,0,0,1,False
lit_unn,0,0,0,1,False
lloydgiks,0,0,0,1,False
lone_buffalo,0,0,0,1,False
longlanellc,0,0,0,1,False
lou_liberty99,0,0,0,1,False
ltn_sports,0,0,0,1,False
lud_nrw,0,0,0,1,False
ludmii49595291,0,0,0,1,False
luke_yuwas,0,0,0,1,False
lukoye_anthony,0,0,0,1,False
lulasalomone,0,0,0,1,False
lule_edward,0,0,0,1,False
lulurobert__,0,0,0,1,False
lydiacoins,0,0,0,1,False
m1ntdr1ms,0,0,0,1,False
m_mkenyan,0,0,0,1,False
machokali_071,0,0,0,1,False
madeinmusoma,0,0,0,1,False
maestrowafact,0,0,0,1,False
magwaz3,0,0,0,1,False
majorsamutune,0,0,0,1,False
makaumully,0,0,0,1,False
malumestyles,0,0,0,1,False
malvinwaiguru,0,0,0,1,False
mangekimambi,0,0,0,1,False
manucho_045,0,0,0,1,True
manuu823793,0,0,0,1,False
manuukenya,0,0,0,1,False
mapesa0,0,0,0,1,False
mar29738,0,0,0,1,False
mara_moja2,0,0,0,1,False
mariam255_,0,0,0,1,False
maritings,0,0,0,1,False
markkutuominen1,0,0,0,1,False
marlene_mweru,0,0,0,1,False
mart59146,0,0,0,1,False
marto254_,0,0,0,1,True
marto571311380,0,0,0,1,True
martoinnocent,0,0,0,1,False
marus0i,0,0,0,1,False
mathagiro,0,0,0,1,False
mathersdavis2,0,0,0,1,False
matukamanja,0,0,0,1,False
mauricejum60750,0,0,0,1,False
mauriceoyamo,0,0,0,1,False
maxwell_asanyo,0,0,0,1,False
mbatu_dominic,0,0,0,1,False
mbevi_muoki,0,0,0,1,True
mbiti_mwondi,0,0,0,1,False
mbokoshayo,0,0,0,1,False
mbunge_taifa255,0,0,0,1,False
mchachu_,0,0,0,1,True
mcpipita,0,0,0,1,False
mdau_1,0,0,0,1,False
mdomo_baggy,0,0,0,1,False
mees_jk07,0,0,0,1,False
mejja_mwangi,0,0,0,1,False
mercmhindi,0,0,0,1,True
messikimochis,0,0,0,1,False
mfinanga_rm,0,0,0,1,False
mikenov,0,0,0,1,False
millardayo,0,0,0,1,False
milliciachris,0,0,0,1,False
minarchismnow,0,0,0,1,False
miss_okwach,0,0,0,1,False
mj_kairoh,0,0,0,1,False
mjsmilessmith,0,0,0,1,False
mkurugezpart2,0,0,0,1,False
mkuuwatygoonall,0,0,0,1,False
mlimaSayuni,0,0,0,1,False
mlipu_zii,0,0,0,1,False
mmbarto,0,0,0,1,False
mnayij,0,0,0,1,False
mo_newsletter,0,0,0,1,False
mobymaybe,0,0,0,1,False
moeshtweets,0,0,0,1,False
monarchreport25,0,0,0,1,False
monteh017,0,0,0,1,False
morongochot,0,0,0,1,False
moseskariki,0,0,0,1,False
mosesmascot,0,0,0,1,False
mozabee9,0,0,0,1,False
mpandujialoyce,0,0,0,1,False
mrslot48hr,0,0,0,1,False
mseemsima,0,0,0,1,False
mshambuliaji,0,0,0,1,False
msouth_Tupac,0,0,0,1,False
mtaiquipz,0,0,0,1,False
mtunecessary,0,0,0,1,False
muchira_p,0,0,0,1,False
muchirewp,0,0,0,1,True
muchogokariuki,0,0,0,1,False
mufasaa_254,0,0,0,1,False
muindikeya,0,0,0,1,True
muller_mai47656,0,0,0,1,False
mumiasfinest,0,0,0,1,False
muraya_jose,0,0,0,1,False
musikucedric,0,0,0,1,False
muthiorakariara,0,0,0,1,False
mvulenileo,0,0,0,1,False
mwakambind32591,0,0,0,1,False
mwalimluka2,0,0,0,1,False
mwangikaruma,0,0,0,1,True
mwangimaina20,0,0,0,1,False
mwariwaben72,0,0,0,1,False
mwas_kennedy,0,0,0,1,False
mwauramk,0,0,0,1,False
mwithigaP,0,0,0,1,False
mworombo,0,0,0,1,False
mxhv21,0,0,0,1,False
mzalendoDaimaKe,0,0,0,1,False
mzzmayhem619188,0,0,0,1,False
nataliareistga,0,0,0,1,False
ndao471,0,0,0,1,False
necmi_tay58708,0,0,0,1,False
nestame013,0,0,0,1,False
neticous,0,0,0,1,False
ngangamwagiru,0,0,0,1,False
ngatiasue,0,0,0,1,False
ngumaa__,0,0,0,1,False
nikokadiKE,0,0,0,1,False
nineteen_accs,0,0,0,1,False
nj8gu,0,0,0,1,False
njoruwa,0,0,0,1,False
nkathaladyluck,0,0,0,1,False
nocontextfooty,0,0,0,1,False
notlikeweru,0,0,0,1,False
nott3v,0,0,0,1,False
nsniesak,0,0,0,1,False
nursemoraa,0,0,0,1,False
nverrelax,0,0,0,1,False
nyaboke378570,0,0,0,1,False
nyaspok,0,0,0,1,False
nyawade_benard,0,0,0,1,False
ob1tomi,0,0,0,1,False
obaaax,0,0,0,1,True
och1eng,0,0,0,1,False
octaviookumu,0,0,0,1,False
odoi58,0,0,0,1,False
officialDrHerry,0,0,0,1,False
ogunugu2010,0,0,0,1,False
ogutu7470,0,0,0,1,False
ojoAvizor19,0,0,0,1,False
olivierchris,0,0,0,1,False
ollieparrot,0,0,0,1,False
ombetewaasembe,0,0,0,1,False
omekejoshu,0,0,0,1,True
omikey58,0,0,0,1,False
oneswanzala,0,0,0,1,False
ongaki_c,0,0,0,1,False
onlykepher,0,0,0,1,False
onrefinance,0,0,0,1,False
osoroKE,0,0,0,1,False
otenyop,0,0,0,1,False
otienowill,0,0,0,1,False
otigef,0,0,0,1,False
oxonaccountancy,0,0,0,1,False
paddygituma,0,0,0,1,False
paitriotunleas1,0,0,0,1,False
palimon1031,0,0,0,1,False
panpieri001,0,0,0,1,False
patiz_kim,0,0,0,1,False
patmashaa,0,0,0,1,False
patriot1987980,0,0,0,1,False
patriot39946258,0,0,0,1,False
patriotikKE,0,0,0,1,False
paukwapaka,0,0,0,1,False
paulinenjoroge,0,0,0,1,False
peace_wambui,0,0,0,1,False
periodistan_,0,0,0,1,False
petermwangi2013,0,0,0,1,False
peteronunga,0,0,0,1,False
phanuelkasuni,0,0,0,1,False
philipsoit92734,0,0,0,1,False
photosbyswati,0,0,0,1,False
pillah234,0,0,0,1,False
pksalasya,0,0,0,1,False
plattgolf,0,0,0,1,False
poliallday,0,0,0,1,False
polo_kimanii,0,0,0,1,False
postnuance,0,0,0,1,False
prince_keli,0,0,0,1,False
professor_gabby,0,0,0,1,False
profmbadi,0,0,0,1,False
psantacl,0,0,0,1,False
pthigo,0,0,0,1,False
ptrsymon,0,0,0,1,False
qaraga11,0,0,0,1,False
qvaxlaw,0,0,0,1,False
radiomaisha,0,0,0,1,False
ralph88867,0,0,0,1,False
ramixgz,0,0,0,1,False
rasmwariama,0,0,0,1,False
ray_omollo,0,0,0,1,False
realAmRen,0,0,0,1,False
realcomeback_,0,0,0,1,False
reallkenyan,0,0,0,1,False
redshoesaccount,0,0,0,1,False
reggaeholic_,0,0,0,1,False
renatto_254_,0,0,0,1,False
ritchiesacra,0,0,0,1,False
rlittle6818,0,0,0,1,False
robah_bayano,0,0,0,1,False
rose_mayemba,0,0,0,1,False
rosewdc,0,0,0,1,False
rubz49,0,0,0,1,False
rufex001,0,0,0,1,False
ruhenicyrus,0,0,0,1,False
ruostu,0,0,0,1,False
ruth_muthigani,0,0,0,1,False
ruumor11,0,0,0,1,False
ruwaromman,0,0,0,1,False
sSuspec13,0,0,0,1,True
s_thoiyani,0,0,0,1,False
saboumerhi123,0,0,0,1,False
safarimlevi,0,0,0,1,False
salamfvr,0,0,0,1,False
samawatiii,0,0,0,1,False
sambo_soweto,0,0,0,1,False
samernther,0,0,0,1,False
samithuo404,0,0,0,1,False
samoei5,0,0,0,1,False
sashelka,0,0,0,1,False
scriptureofJay_,0,0,0,1,False
seamusmateus,0,0,0,1,False
segera_clinton,0,0,0,1,False
sergesindani01,0,0,0,1,False
setanindeta,0,0,0,1,False
shahamsuko1,0,0,0,1,False
shevereshtus,0,0,0,1,False
shimsa_art,0,0,0,1,False
shiru_synthesis,0,0,0,1,False
shosho897_o,0,0,0,1,False
shunu7015,0,0,0,1,False
siasainsider,0,0,0,1,False
simeonisako13,0,0,0,1,False
simswholly,0,0,0,1,False
sir_chrisz,0,0,0,1,False
sir_mgute,0,0,0,1,False
sirfestohh,0,0,0,1,False
slmiheso,0,0,0,1,False
smwangilp,0,0,0,1,False
sollana26,0,0,0,1,False
sowmiyasid,0,0,0,1,False
spatchly,0,0,0,1,False
spireaccountant,0,0,0,1,False
stanov_kipngeno,0,0,0,1,False
stevenquotes360,0,0,0,1,False
stewartaccounts,0,0,0,1,False
stewiiih,0,0,0,1,False
sully4846,0,0,0,1,False
swahilipotfm,0,0,0,1,False
taifa_kwa,0,0,0,1,False
tannersaccounts,0,0,0,1,False
tantopress,0,0,0,1,False
taraisredacted,0,0,0,1,False
tarangoJohn004,0,0,0,1,False
tat77324,0,0,0,1,False
taxtmi,0,0,0,1,False
taygraphics,0,0,0,1,False
taylorByabakama,0,0,0,1,False
tchemjor,0,0,0,1,True
teddy_turner_ke,0,0,0,1,False
teejay_maina,0,0,0,1,False
temmydivero,0,0,0,1,False
teortaxesTex,0,0,0,1,False
texansal,0,0,0,1,False
that_knocker,0,0,0,1,False
theHubTVke,0,0,0,1,False
theMacharian,0,0,0,1,False
the_absurdious,0,0,0,1,False
the_fortuna73,0,0,0,1,False
thecableng,0,0,0,1,False
theheroXvillian,0,0,0,1,False
theophiltz,0,0,0,1,False
thoughtlesslabs,0,0,0,1,False
threads_io,0,0,0,1,False
thukujames600,0,0,0,1,False
timodiaga,0,0,0,1,False
timothyturunga,0,0,0,1,False
tinagachie,0,0,0,1,False
tips__official_,0,0,0,1,False
traderama01,0,0,0,1,False
trailB77,0,0,0,1,False
trailblazer_Nic,0,0,0,1,False
treezsteele,0,0,0,1,False
trendkia,0,0,0,1,False
troll_trends20,0,0,0,1,False
tuckersright,0,0,0,1,False
tuly43,0,0,0,1,False
tutoringbyrob,0,0,0,1,False
ulyankulu1,0,0,0,1,False
umar_ibn_farouk,0,0,0,1,False
umtapi,0,0,0,1,False
unbwog567155386,0,0,0,1,True
upscmainsonline,0,0,0,1,False
urbanplus256,0,0,0,1,False
urlchiefy,0,0,0,1,False
utdKenani,0,0,0,1,False
vdcallejas,0,0,0,1,False
vetjulius,0,0,0,1,False
viks_rum,0,0,0,1,False
vinguard254,0,0,0,1,False
vinhenry6_henry,0,0,0,1,False
viosam18,0,0,0,1,False
vitzmuthiani,0,0,0,1,False
vjan09,0,0,0,1,False
vokelvo,0,0,0,1,False
votilee33082,0,0,0,1,False
wabanolimited,0,0,0,1,False
wafulalonginas,0,0,0,1,False
wagaciku11,0,0,0,1,False
wambosue,0,0,0,1,False
wambui_she8497,0,0,0,1,False
wambuijoan2024,0,0,0,1,False
wamunyinyi26,0,0,0,1,False
wandudori,0,0,0,1,False
wanykimaina,0,0,0,1,True
waswadavice,0,0,0,1,False
waziri26_,0,0,0,1,False
wdennis254,0,0,0,1,False
we_todd_ed1,0,0,0,1,False
weehmzeee,0,0,0,1,False
wembi_steve,0,0,0,1,False
whatMackSays,0,0,0,1,False
wil_sonn1,0,0,0,1,True
wpalczynski,0,0,0,1,False
xtastics,0,0,0,1,False
xx_Azriel_xx,0,0,0,1,False
yabisonews_cd,0,0,0,1,False
yang_mann,0,0,0,1,False
yulin98434,0,0,0,1,False
ywomendeservles,0,0,0,1,False
z_Kiarie,0,0,0,1,True
zak_muzak,0,0,0,1,False
zamo_tz,0,0,0,1,False
zamundira,0,0,0,1,False
ze_mandevu,0,0,0,1,False
zeidmandavis,0,0,0,1,False
zetsketches,0,0,0,1,False
zoetjesheeftX,0,0,0,1,False
